code,event,kickoff_time,team_a,team_h
22300061,1,2023-10-24T23:30:00Z,11,7
22300062,1,2023-10-25T02:00:00Z,20,8
22300063,2,2023-10-25T23:00:00Z,1,30
22300064,2,2023-10-25T23:00:00Z,28,18
22300065,2,2023-10-25T23:00:00Z,2,16
22300066,2,2023-10-25T23:00:00Z,9,17
22300067,2,2023-10-25T23:30:00Z,3,15
22300068,2,2023-10-25T23:30:00Z,29,12
22300069,2,2023-10-25T23:30:00Z,14,25
22300070,2,2023-10-26T00:00:00Z,24,5
22300071,2,2023-10-26T00:00:00Z,4,27
22300072,2,2023-10-26T01:00:00Z,22,26
22300073,2,2023-10-26T01:30:00Z,6,23
22300074,2,2023-10-26T02:30:00Z,21,10
22300075,3,2023-10-26T23:30:00Z,19,13
22300076,3,2023-10-27T02:00:00Z,20,11
22300077,4,2023-10-27T23:00:00Z,29,30
22300078,4,2023-10-27T23:00:00Z,7,27
22300079,4,2023-10-27T23:30:00Z,16,1
22300080,4,2023-10-27T23:30:00Z,12,2
22300081,4,2023-10-27T23:30:00Z,24,3
22300082,4,2023-10-28T00:00:00Z,25,5
22300083,4,2023-10-28T00:00:00Z,9,23
22300084,4,2023-10-28T00:30:00Z,15,6
22300085,4,2023-10-28T01:30:00Z,10,26
22300086,4,2023-10-28T02:00:00Z,17,21
22300087,4,2023-10-28T02:00:00Z,8,22
22300088,5,2023-10-28T23:00:00Z,5,29
22300090,5,2023-10-28T23:00:00Z,16,4
22300089,5,2023-10-28T23:00:00Z,27,28
22300091,5,2023-10-28T23:30:00Z,18,3
22300092,5,2023-10-28T23:30:00Z,19,25
22300093,5,2023-10-29T00:00:00Z,12,14
22300094,5,2023-10-29T02:00:00Z,26,20
22300095,6,2023-10-29T19:30:00Z,7,24
22300096,6,2023-10-29T23:00:00Z,8,9
22300097,6,2023-10-29T23:00:00Z,1,13
22300098,6,2023-10-29T23:30:00Z,21,19
22300099,6,2023-10-30T01:00:00Z,23,10
22300100,6,2023-10-30T01:00:00Z,11,22
22300101,7,2023-10-30T23:00:00Z,15,30
22300102,7,2023-10-30T23:00:00Z,5,18
22300103,7,2023-10-30T23:00:00Z,2,28
22300104,7,2023-10-30T23:30:00Z,14,1
22300105,7,2023-10-30T23:30:00Z,21,25
22300106,7,2023-10-31T00:00:00Z,6,27
22300107,7,2023-10-31T00:00:00Z,12,13
22300108,7,2023-10-31T00:00:00Z,8,4
22300109,7,2023-10-31T00:00:00Z,29,24
22300110,7,2023-10-31T01:00:00Z,26,7
22300111,7,2023-10-31T02:30:00Z,17,11
22300112,8,2023-10-31T23:30:00Z,16,3
22300113,8,2023-11-01T02:00:00Z,23,20
22300114,8,2023-11-01T02:30:00Z,17,10
22300115,9,2023-11-01T23:00:00Z,21,29
22300116,9,2023-11-01T23:00:00Z,13,25
22300117,9,2023-11-01T23:30:00Z,28,1
22300118,9,2023-11-01T23:30:00Z,18,2
22300119,9,2023-11-01T23:30:00Z,15,12
22300120,9,2023-11-01T23:30:00Z,3,16
22300121,9,2023-11-01T23:30:00Z,4,24
22300122,9,2023-11-02T00:00:00Z,30,9
22300123,9,2023-11-02T00:00:00Z,7,14
22300124,9,2023-11-02T00:30:00Z,5,6
22300125,9,2023-11-02T01:00:00Z,27,26
22300126,9,2023-11-02T02:00:00Z,22,8
22300127,9,2023-11-02T02:00:00Z,10,11
22300128,10,2023-11-02T23:00:00Z,25,19
22300129,10,2023-11-03T00:00:00Z,29,4
22300130,10,2023-11-03T01:00:00Z,17,26
22300131,10,2023-11-03T02:00:00Z,23,20
22300001,11,2023-11-03T23:00:00Z,3,18
22300002,11,2023-11-03T23:30:00Z,16,13
22300004,11,2023-11-04T00:00:00Z,15,5
22300003,11,2023-11-04T00:00:00Z,28,12
22300005,11,2023-11-04T00:00:00Z,8,24
22300006,11,2023-11-04T02:00:00Z,6,7
22300007,11,2023-11-04T02:00:00Z,27,21
22300132,12,2023-11-04T17:00:00Z,20,19
22300133,12,2023-11-04T23:00:00Z,30,18
22300135,12,2023-11-04T23:00:00Z,1,4
22300134,12,2023-11-04T23:00:00Z,11,17
22300136,12,2023-11-05T00:00:00Z,2,15
22300137,12,2023-11-05T00:00:00Z,22,9
22300138,12,2023-11-05T00:00:00Z,26,14
22300139,12,2023-11-05T01:00:00Z,5,7
22300140,13,2023-11-05T20:00:00Z,20,29
22300141,13,2023-11-05T20:30:00Z,25,23
22300142,13,2023-11-05T23:00:00Z,8,3
22300143,13,2023-11-06T00:30:00Z,30,6
22300144,13,2023-11-06T02:00:00Z,27,21
22300145,14,2023-11-07T00:00:00Z,8,29
22300146,14,2023-11-07T00:00:00Z,23,18
22300147,14,2023-11-07T00:00:00Z,6,17
22300148,14,2023-11-07T00:00:00Z,28,19
22300149,14,2023-11-07T00:30:00Z,13,15
22300150,14,2023-11-07T00:30:00Z,11,12
22300151,14,2023-11-07T00:30:00Z,10,16
22300152,14,2023-11-07T01:00:00Z,26,5
22300153,14,2023-11-07T01:00:00Z,22,9
22300154,14,2023-11-07T01:00:00Z,2,14
22300155,14,2023-11-07T01:00:00Z,1,24
22300156,14,2023-11-07T02:00:00Z,4,7
22300157,15,2023-11-09T00:00:00Z,28,30
22300158,15,2023-11-09T00:00:00Z,26,18
22300159,15,2023-11-09T00:00:00Z,2,19
22300160,15,2023-11-09T00:30:00Z,10,15
22300161,15,2023-11-09T00:30:00Z,23,16
22300162,15,2023-11-09T01:00:00Z,20,5
22300163,15,2023-11-09T01:00:00Z,11,9
22300164,15,2023-11-09T01:00:00Z,12,27
22300165,15,2023-11-09T01:00:00Z,29,13
22300166,15,2023-11-09T01:00:00Z,4,14
22300167,15,2023-11-09T01:00:00Z,3,24
22300168,15,2023-11-09T01:30:00Z,25,6
22300169,15,2023-11-09T03:00:00Z,8,7
22300170,15,2023-11-09T03:00:00Z,21,22
22300171,16,2023-11-10T00:00:00Z,13,18
22300172,16,2023-11-10T02:30:00Z,1,17
22300008,17,2023-11-11T00:00:00Z,19,29
22300009,17,2023-11-11T00:00:00Z,30,28
22300010,17,2023-11-11T00:30:00Z,15,2
22300011,17,2023-11-11T01:00:00Z,4,9
22300012,17,2023-11-11T01:00:00Z,26,27
22300013,17,2023-11-11T01:00:00Z,14,23
22300014,17,2023-11-11T01:30:00Z,10,6
22300015,17,2023-11-11T03:00:00Z,11,20
22300016,17,2023-11-11T03:00:00Z,24,22
22300173,18,2023-11-11T23:00:00Z,13,17
22300174,18,2023-11-12T00:00:00Z,25,2
22300175,18,2023-11-12T00:30:00Z,12,1
22300176,18,2023-11-12T01:30:00Z,3,8
22300177,19,2023-11-12T17:00:00Z,30,16
22300178,19,2023-11-12T20:00:00Z,28,15
22300179,19,2023-11-12T20:30:00Z,27,10
22300180,19,2023-11-12T23:00:00Z,18,19
22300181,19,2023-11-13T00:00:00Z,29,5
22300182,19,2023-11-13T00:00:00Z,7,9
22300183,19,2023-11-13T00:00:00Z,6,4
22300184,19,2023-11-13T00:00:00Z,12,23
22300185,19,2023-11-13T01:00:00Z,24,20
22300186,19,2023-11-13T01:30:00Z,14,8
22300187,19,2023-11-13T03:00:00Z,21,11
22300188,20,2023-11-14T00:30:00Z,16,2
22300189,20,2023-11-14T00:30:00Z,28,25
22300190,20,2023-11-14T01:00:00Z,5,13
22300191,20,2023-11-14T03:00:00Z,3,22
22300017,21,2023-11-15T00:00:00Z,12,30
22300018,21,2023-11-15T00:00:00Z,1,29
22300019,21,2023-11-15T00:00:00Z,18,19
22300020,21,2023-11-15T00:30:00Z,17,15
22300021,21,2023-11-15T00:30:00Z,23,24
22300022,21,2023-11-15T01:00:00Z,6,4
22300023,21,2023-11-15T02:00:00Z,21,26
22300024,21,2023-11-15T03:00:00Z,10,7
22300025,21,2023-11-15T03:00:00Z,14,8
22300026,21,2023-11-15T03:30:00Z,27,11
22300192,22,2023-11-16T00:00:00Z,6,28
22300193,22,2023-11-16T00:30:00Z,16,1
22300194,22,2023-11-16T00:30:00Z,2,19
22300195,22,2023-11-16T00:30:00Z,13,25
22300196,22,2023-11-16T01:00:00Z,17,5
22300197,22,2023-11-16T02:00:00Z,14,20
22300198,22,2023-11-16T03:00:00Z,22,11
22300199,22,2023-11-16T03:00:00Z,3,21
22300200,23,2023-11-17T00:30:00Z,15,12
22300201,23,2023-11-17T03:00:00Z,24,8
22300027,24,2023-11-18T00:00:00Z,13,30
22300028,24,2023-11-18T00:00:00Z,16,28
22300029,24,2023-11-18T00:30:00Z,19,1
22300030,24,2023-11-18T00:30:00Z,29,3
22300032,24,2023-11-18T00:30:00Z,22,23
22300031,24,2023-11-18T00:30:00Z,2,25
22300033,24,2023-11-18T01:00:00Z,17,5
22300034,24,2023-11-18T01:00:00Z,7,4
22300036,24,2023-11-18T03:00:00Z,11,21
22300035,24,2023-11-18T03:00:00Z,20,26
22300037,24,2023-11-18T03:30:00Z,9,10
22300202,25,2023-11-18T23:00:00Z,16,30
22300203,25,2023-11-19T00:00:00Z,14,4
22300204,25,2023-11-19T01:00:00Z,12,5
22300205,25,2023-11-19T01:00:00Z,6,13
22300206,25,2023-11-19T01:00:00Z,27,23
22300207,25,2023-11-19T01:30:00Z,24,8
22300208,26,2023-11-19T20:00:00Z,19,15
22300211,26,2023-11-19T21:00:00Z,29,25
22300209,26,2023-11-19T22:00:00Z,17,18
22300210,26,2023-11-19T23:00:00Z,7,3
22300212,26,2023-11-20T00:30:00Z,22,6
22300213,26,2023-11-20T01:00:00Z,2,27
22300214,26,2023-11-20T01:00:00Z,20,26
22300215,26,2023-11-20T02:00:00Z,24,21
22300216,26,2023-11-20T02:30:00Z,9,11
22300217,27,2023-11-21T00:00:00Z,2,30
22300218,27,2023-11-21T00:00:00Z,7,29
22300219,27,2023-11-21T00:00:00Z,13,28
22300220,27,2023-11-21T01:00:00Z,12,5
22300221,27,2023-11-21T01:00:00Z,16,14
22300222,27,2023-11-21T01:00:00Z,22,4
22300223,27,2023-11-21T01:00:00Z,10,23
22300224,27,2023-11-21T03:00:00Z,9,8
22300038,28,2023-11-22T00:00:00Z,25,17
22300039,28,2023-11-22T00:30:00Z,18,1
22300040,28,2023-11-22T00:30:00Z,3,19
22300041,28,2023-11-22T02:00:00Z,21,20
22300042,28,2023-11-22T03:00:00Z,26,11
22300225,29,2023-11-23T00:00:00Z,28,30
22300226,29,2023-11-23T00:00:00Z,7,17
22300227,29,2023-11-23T00:30:00Z,15,1
22300228,29,2023-11-23T00:30:00Z,13,2
22300229,29,2023-11-23T00:30:00Z,12,3
22300230,29,2023-11-23T00:30:00Z,25,18
22300231,29,2023-11-23T01:00:00Z,27,9
22300232,29,2023-11-23T01:00:00Z,19,14
22300233,29,2023-11-23T01:00:00Z,22,4
22300234,29,2023-11-23T01:00:00Z,5,24
22300235,29,2023-11-23T01:00:00Z,10,23
22300236,29,2023-11-23T03:00:00Z,8,20
22300237,29,2023-11-23T03:00:00Z,26,21
22300238,29,2023-11-23T03:30:00Z,6,11
22300043,30,2023-11-24T19:30:00Z,2,17
22300044,30,2023-11-24T22:00:00Z,20,27
22300045,30,2023-11-25T00:30:00Z,12,16
22300046,30,2023-11-25T00:30:00Z,5,25
22300048,30,2023-11-25T01:00:00Z,7,9
22300047,30,2023-11-25T01:00:00Z,29,18
22300049,30,2023-11-25T01:00:00Z,28,13
22300050,30,2023-11-25T01:00:00Z,22,14
22300051,30,2023-11-25T03:00:00Z,23,8
22300052,30,2023-11-25T03:30:00Z,4,10
22300239,31,2023-11-25T22:00:00Z,19,24
22300240,31,2023-11-25T23:00:00Z,12,15
22300241,31,2023-11-26T00:00:00Z,1,28
22300242,31,2023-11-26T00:30:00Z,11,3
22300243,31,2023-11-26T02:30:00Z,4,26
22300244,31,2023-11-26T03:30:00Z,6,10
22300245,32,2023-11-26T20:30:00Z,21,13
22300246,32,2023-11-26T23:00:00Z,1,2
22300249,32,2023-11-26T23:00:00Z,14,27
22300247,32,2023-11-26T23:00:00Z,20,16
22300248,32,2023-11-26T23:00:00Z,30,17
22300250,32,2023-11-27T00:30:00Z,5,15
22300251,32,2023-11-27T00:30:00Z,25,3
22300252,32,2023-11-27T01:00:00Z,23,7
22300253,33,2023-11-28T00:00:00Z,28,29
22300254,33,2023-11-28T00:00:00Z,21,18
22300255,33,2023-11-28T00:00:00Z,11,19
22300256,33,2023-11-28T02:00:00Z,4,26
22300257,33,2023-11-28T03:30:00Z,7,10
22300053,34,2023-11-29T00:30:00Z,5,2
22300054,34,2023-11-29T00:30:00Z,25,15
22300055,34,2023-11-29T00:30:00Z,1,3
22300056,34,2023-11-29T00:30:00Z,13,12
22300057,34,2023-11-29T00:30:00Z,30,16
22300058,34,2023-11-29T01:00:00Z,24,14
22300059,34,2023-11-29T01:30:00Z,9,6
22300060,34,2023-11-29T03:00:00Z,8,22
22300258,35,2023-11-30T00:00:00Z,11,29
22300259,35,2023-11-30T00:00:00Z,28,17
22300260,35,2023-11-30T00:30:00Z,20,25
22300261,35,2023-11-30T01:00:00Z,26,27
22300262,35,2023-11-30T01:00:00Z,19,4
22300263,35,2023-11-30T02:00:00Z,9,7
22300264,35,2023-11-30T03:00:00Z,10,22
22300265,36,2023-12-01T00:00:00Z,21,3
22300266,36,2023-12-01T00:30:00Z,30,15
22300267,36,2023-12-01T00:30:00Z,18,12
22300268,36,2023-12-01T00:30:00Z,29,16
22300269,36,2023-12-01T01:00:00Z,13,5
22300270,36,2023-12-01T01:00:00Z,26,14
22300271,36,2023-12-01T01:00:00Z,11,24
22300272,36,2023-12-01T01:00:00Z,1,23
22300273,36,2023-12-01T03:00:00Z,10,8
22300274,37,2023-12-02T00:00:00Z,28,17
22300275,37,2023-12-02T00:30:00Z,19,2
22300277,37,2023-12-02T00:30:00Z,27,6
22300276,37,2023-12-02T00:30:00Z,16,25
22300278,37,2023-12-02T01:00:00Z,23,4
22300279,37,2023-12-02T03:00:00Z,7,20
22300280,38,2023-12-02T21:00:00Z,8,10
22300281,38,2023-12-02T22:00:00Z,14,30
22300282,38,2023-12-03T00:00:00Z,17,15
22300283,38,2023-12-03T00:00:00Z,3,29
22300285,38,2023-12-03T01:00:00Z,4,5
22300284,38,2023-12-03T01:00:00Z,18,12
22300286,38,2023-12-03T01:00:00Z,1,13
22300287,38,2023-12-03T02:00:00Z,24,6
22300288,38,2023-12-03T02:00:00Z,27,20
22300289,38,2023-12-03T02:30:00Z,21,26
22300290,38,2023-12-03T03:00:00Z,7,22
22300291,38,2023-12-03T03:30:00Z,9,11
22301202,39,2023-12-05T00:30:00Z,2,18
22301204,39,2023-12-05T03:00:00Z,4,22
22301201,40,2023-12-06T00:30:00Z,16,13
22301203,40,2023-12-06T03:00:00Z,20,11
22301205,41,2023-12-07T00:00:00Z,17,3
22301206,41,2023-12-07T00:00:00Z,27,29
22301208,41,2023-12-07T00:00:00Z,19,28
22301209,41,2023-12-07T00:30:00Z,15,1
22301210,41,2023-12-07T00:30:00Z,23,14
22301207,41,2023-12-07T00:30:00Z,12,25
22301211,41,2023-12-07T01:00:00Z,30,5
22301212,41,2023-12-07T01:00:00Z,24,9
22301213,41,2023-12-07T01:30:00Z,26,6
22301214,41,2023-12-07T03:00:00Z,21,8
22301215,41,2023-12-07T03:00:00Z,7,10
22301229,42,2023-12-07T22:00:00Z,18,13
22301230,42,2023-12-08T02:00:00Z,4,11
22301216,43,2023-12-09T00:00:00Z,25,30
22301217,43,2023-12-09T00:00:00Z,29,17
22301218,43,2023-12-09T00:00:00Z,1,19
22301227,43,2023-12-09T00:30:00Z,16,2
22301219,43,2023-12-09T00:30:00Z,28,15
22301221,43,2023-12-09T01:00:00Z,14,27
22301220,43,2023-12-09T01:00:00Z,3,12
22301222,43,2023-12-09T01:00:00Z,8,24
22301223,43,2023-12-09T01:30:00Z,5,23
22301224,43,2023-12-09T02:00:00Z,9,7
22301228,43,2023-12-09T02:00:00Z,22,20
22301226,43,2023-12-09T03:00:00Z,6,21
22301225,43,2023-12-09T03:00:00Z,10,26
22300292,44,2023-12-12T00:00:00Z,12,30
22300293,44,2023-12-12T00:00:00Z,18,29
22300294,44,2023-12-12T00:00:00Z,3,17
22300295,44,2023-12-12T00:00:00Z,28,19
22300296,44,2023-12-12T00:30:00Z,7,1
22300297,44,2023-12-12T00:30:00Z,25,16
22300298,44,2023-12-12T01:00:00Z,23,9
22300299,44,2023-12-12T01:00:00Z,6,27
22300300,44,2023-12-12T01:00:00Z,5,13
22300301,44,2023-12-12T01:00:00Z,14,4
22300302,44,2023-12-12T01:00:00Z,26,24
22300303,44,2023-12-12T03:00:00Z,15,22
22300304,44,2023-12-12T03:30:00Z,21,10
22300305,45,2023-12-13T00:30:00Z,3,2
22300306,45,2023-12-13T00:30:00Z,11,6
22300307,45,2023-12-13T01:00:00Z,7,5
22300308,45,2023-12-13T03:00:00Z,8,20
22300309,45,2023-12-13T03:30:00Z,22,10
22300310,46,2023-12-14T00:00:00Z,19,29
22300311,46,2023-12-14T00:00:00Z,4,28
22300312,46,2023-12-14T00:30:00Z,30,12
22300313,46,2023-12-14T00:30:00Z,1,25
22300314,46,2023-12-14T01:00:00Z,27,9
22300315,46,2023-12-14T01:00:00Z,18,13
22300316,46,2023-12-14T01:00:00Z,11,23
22300317,46,2023-12-14T02:00:00Z,15,20
22300318,46,2023-12-14T02:00:00Z,16,26
22300319,47,2023-12-15T00:30:00Z,3,2
22300320,47,2023-12-15T00:30:00Z,5,12
22300321,47,2023-12-15T01:30:00Z,14,6
22300322,47,2023-12-15T02:00:00Z,15,7
22300323,47,2023-12-15T03:00:00Z,26,21
22300324,47,2023-12-15T03:00:00Z,24,22
22300325,47,2023-12-15T03:30:00Z,8,10
22300326,48,2023-12-16T00:00:00Z,4,30
22300327,48,2023-12-16T00:00:00Z,29,19
22300328,48,2023-12-16T00:00:00Z,18,28
22300329,48,2023-12-16T00:30:00Z,17,2
22300331,48,2023-12-16T00:30:00Z,11,23
22300330,48,2023-12-16T00:30:00Z,1,25
22300332,48,2023-12-16T01:00:00Z,9,27
22300333,48,2023-12-16T03:00:00Z,16,20
22300334,49,2023-12-16T23:00:00Z,29,13
22300335,49,2023-12-17T00:00:00Z,19,30
22300336,49,2023-12-17T00:30:00Z,1,3
22300337,49,2023-12-17T01:00:00Z,5,12
22300338,49,2023-12-17T01:00:00Z,18,14
22300339,49,2023-12-17T01:30:00Z,15,8
22300340,49,2023-12-17T02:00:00Z,24,7
22300341,49,2023-12-17T02:00:00Z,6,21
22300342,49,2023-12-17T03:00:00Z,26,22
22300343,49,2023-12-17T03:30:00Z,16,10
22300344,50,2023-12-17T20:00:00Z,17,2
22300345,50,2023-12-17T20:30:00Z,4,23
22300346,50,2023-12-18T00:00:00Z,9,13
22300347,50,2023-12-18T01:00:00Z,28,20
22300348,50,2023-12-18T02:00:00Z,8,21
22300349,51,2023-12-19T00:00:00Z,9,3
22300350,51,2023-12-19T00:00:00Z,10,18
22300351,51,2023-12-19T00:00:00Z,5,19
22300352,51,2023-12-19T00:30:00Z,29,1
22300353,51,2023-12-19T00:30:00Z,14,12
22300354,51,2023-12-19T00:30:00Z,30,25
22300355,51,2023-12-19T01:00:00Z,27,24
22300356,51,2023-12-19T02:00:00Z,6,7
22300357,51,2023-12-19T02:00:00Z,15,26
22300358,51,2023-12-19T03:00:00Z,28,22
22300359,51,2023-12-19T03:30:00Z,16,11
22300360,52,2023-12-20T00:30:00Z,27,4
22300361,52,2023-12-20T01:00:00Z,23,13
22300362,52,2023-12-20T03:00:00Z,2,8
22300363,52,2023-12-20T03:00:00Z,20,21
22300364,53,2023-12-21T00:00:00Z,26,3
22300365,53,2023-12-21T00:00:00Z,30,18
22300366,53,2023-12-21T00:00:00Z,12,17
22300367,53,2023-12-21T00:00:00Z,14,19
22300368,53,2023-12-21T00:30:00Z,16,15
22300369,53,2023-12-21T00:30:00Z,7,25
22300370,53,2023-12-21T01:00:00Z,11,5
22300371,53,2023-12-21T01:00:00Z,1,9
22300372,53,2023-12-21T01:30:00Z,10,6
22300373,53,2023-12-21T03:00:00Z,2,22
22300374,54,2023-12-22T00:00:00Z,26,29
22300375,54,2023-12-22T00:30:00Z,4,3
22300376,54,2023-12-22T01:00:00Z,23,5
22300377,54,2023-12-22T01:00:00Z,18,27
22300378,54,2023-12-22T01:00:00Z,17,13
22300379,54,2023-12-22T01:00:00Z,10,24
22300380,54,2023-12-22T02:00:00Z,11,14
22300381,54,2023-12-22T03:00:00Z,28,21
22300382,55,2023-12-23T00:00:00Z,25,19
22300383,55,2023-12-23T00:30:00Z,7,15
22300385,55,2023-12-23T01:00:00Z,6,9
22300384,55,2023-12-23T01:00:00Z,1,12
22300386,55,2023-12-23T03:00:00Z,28,8
22300387,55,2023-12-23T03:00:00Z,20,22
22300388,56,2023-12-23T17:30:00Z,13,16
22300389,56,2023-12-23T20:30:00Z,2,10
22300390,56,2023-12-24T00:00:00Z,7,30
22300391,56,2023-12-24T00:00:00Z,17,18
22300392,56,2023-12-24T00:00:00Z,9,4
22300393,56,2023-12-24T00:30:00Z,27,1
22300394,56,2023-12-24T00:30:00Z,29,15
22300395,56,2023-12-24T00:30:00Z,26,25
22300396,56,2023-12-24T01:00:00Z,3,5
22300397,56,2023-12-24T01:00:00Z,11,24
22300398,56,2023-12-24T01:30:00Z,23,6
22300399,56,2023-12-24T01:30:00Z,21,8
22300400,56,2023-12-24T03:00:00Z,14,22
22300401,57,2023-12-25T17:00:00Z,13,16
22300402,57,2023-12-25T19:30:00Z,8,7
22300403,57,2023-12-25T22:00:00Z,2,11
22300404,57,2023-12-26T01:00:00Z,19,12
22300405,57,2023-12-26T03:30:00Z,6,20
22300406,58,2023-12-27T00:00:00Z,15,29
22300407,58,2023-12-27T00:00:00Z,17,28
22300408,58,2023-12-27T01:00:00Z,1,5
22300409,58,2023-12-27T01:00:00Z,18,9
22300410,58,2023-12-27T01:00:00Z,27,4
22300411,58,2023-12-27T01:00:00Z,14,24
22300412,58,2023-12-27T01:00:00Z,26,23
22300413,58,2023-12-27T03:00:00Z,22,21
22300414,58,2023-12-27T03:30:00Z,30,10
22300415,59,2023-12-28T00:00:00Z,19,17
22300416,59,2023-12-28T00:00:00Z,25,28
22300417,59,2023-12-28T00:30:00Z,13,15
22300418,59,2023-12-28T01:00:00Z,20,9
22300419,59,2023-12-28T01:00:00Z,16,24
22300420,59,2023-12-28T01:30:00Z,3,6
22300421,60,2023-12-29T00:30:00Z,29,2
22300422,60,2023-12-29T01:00:00Z,18,5
22300423,60,2023-12-29T01:00:00Z,6,14
22300424,60,2023-12-29T01:00:00Z,26,4
22300425,60,2023-12-29T02:00:00Z,27,7
22300426,60,2023-12-29T03:00:00Z,12,8
22300427,60,2023-12-29T03:00:00Z,23,21
22300428,60,2023-12-29T03:30:00Z,30,11
22300429,61,2023-12-30T00:00:00Z,16,17
22300430,61,2023-12-30T00:00:00Z,15,28
22300431,61,2023-12-30T00:30:00Z,22,1
22300432,61,2023-12-30T00:30:00Z,25,2
22300433,61,2023-12-30T00:30:00Z,13,3
22300434,61,2023-12-30T01:00:00Z,19,9
22300435,61,2023-12-30T02:00:00Z,24,7
22300436,61,2023-12-30T02:00:00Z,30,20
22300437,61,2023-12-30T03:00:00Z,23,21
22300438,61,2023-12-30T03:30:00Z,27,10
22300439,62,2023-12-30T22:00:00Z,12,26
22300440,62,2023-12-30T23:00:00Z,25,29
22300441,62,2023-12-31T00:00:00Z,16,18
22300442,62,2023-12-31T01:00:00Z,19,5
22300443,62,2023-12-31T01:00:00Z,11,14
22300444,62,2023-12-31T01:30:00Z,6,8
22300445,63,2023-12-31T20:00:00Z,1,28
22300446,63,2024-01-01T00:00:00Z,11,4
22300447,63,2024-01-01T00:00:00Z,15,24
22300448,63,2024-01-01T00:00:00Z,2,23
22300449,63,2024-01-01T01:00:00Z,22,27
22300450,63,2024-01-01T01:00:00Z,17,20
22300451,64,2024-01-01T20:00:00Z,14,16
22300452,64,2024-01-02T00:30:00Z,3,25
22300453,64,2024-01-02T01:00:00Z,29,9
22300454,64,2024-01-02T01:00:00Z,18,13
22300455,64,2024-01-02T02:00:00Z,30,7
22300456,64,2024-01-02T02:00:00Z,21,20
22300457,64,2024-01-02T02:00:00Z,6,26
22300458,64,2024-01-02T03:30:00Z,12,10
22300459,65,2024-01-03T00:00:00Z,5,19
22300460,65,2024-01-03T01:00:00Z,23,27
22300461,65,2024-01-03T01:00:00Z,15,4
22300462,65,2024-01-03T01:00:00Z,2,24
22300463,65,2024-01-03T03:00:00Z,17,8
22300464,65,2024-01-03T03:00:00Z,30,22
22300465,66,2024-01-04T00:00:00Z,28,3
22300466,66,2024-01-04T00:00:00Z,13,18
22300467,66,2024-01-04T00:30:00Z,24,1
22300469,66,2024-01-04T01:00:00Z,15,9
22300470,66,2024-01-04T01:00:00Z,25,27
22300471,66,2024-01-04T01:00:00Z,4,14
22300472,66,2024-01-04T01:30:00Z,21,6
22300468,66,2024-01-04T01:30:00Z,5,16
22300473,66,2024-01-04T02:00:00Z,10,20
22300474,66,2024-01-04T02:00:00Z,29,26
22300475,66,2024-01-04T03:00:00Z,12,11
22300476,66,2024-01-04T03:00:00Z,17,22
22300477,67,2024-01-05T00:30:00Z,13,23
22300478,67,2024-01-05T03:00:00Z,7,8
22300479,68,2024-01-06T00:00:00Z,26,2
22300480,68,2024-01-06T00:00:00Z,1,18
22300481,68,2024-01-06T00:30:00Z,24,15
22300482,68,2024-01-06T00:30:00Z,28,3
22300483,68,2024-01-06T00:30:00Z,16,19
22300484,68,2024-01-06T01:00:00Z,30,5
22300485,68,2024-01-06T01:00:00Z,14,9
22300486,68,2024-01-06T01:00:00Z,10,4
22300487,68,2024-01-06T01:30:00Z,21,6
22300488,68,2024-01-06T02:00:00Z,17,7
22300489,68,2024-01-06T02:00:00Z,12,20
22300490,68,2024-01-06T03:00:00Z,29,8
22300491,68,2024-01-06T03:00:00Z,27,11
22300492,68,2024-01-06T03:00:00Z,25,22
22300493,69,2024-01-07T00:00:00Z,2,18
22300494,69,2024-01-07T00:00:00Z,16,28
22300495,69,2024-01-07T00:30:00Z,26,19
22300496,69,2024-01-07T01:00:00Z,13,9
22300497,70,2024-01-07T18:00:00Z,23,3
22300498,70,2024-01-07T20:00:00Z,21,15
22300499,70,2024-01-07T23:00:00Z,1,17
22300500,70,2024-01-07T23:00:00Z,4,22
22300501,70,2024-01-08T00:30:00Z,14,6
22300502,70,2024-01-08T01:00:00Z,29,7
22300503,70,2024-01-08T01:00:00Z,27,20
22300504,70,2024-01-08T01:30:00Z,25,8
22300505,70,2024-01-08T02:30:00Z,10,11
22300506,71,2024-01-09T00:00:00Z,5,30
22300507,71,2024-01-09T00:00:00Z,2,18
22300508,71,2024-01-09T00:00:00Z,24,28
22300509,71,2024-01-09T00:30:00Z,9,12
22300510,71,2024-01-09T01:00:00Z,26,13
22300511,71,2024-01-09T03:30:00Z,20,10
22300512,72,2024-01-10T00:00:00Z,22,29
22300513,72,2024-01-10T00:00:00Z,14,17
22300514,72,2024-01-10T00:30:00Z,21,16
22300515,72,2024-01-10T01:30:00Z,27,6
22300516,72,2024-01-10T03:30:00Z,25,11
22300517,73,2024-01-11T00:00:00Z,14,2
22300518,73,2024-01-11T00:00:00Z,22,30
22300519,73,2024-01-11T00:00:00Z,23,29
22300520,73,2024-01-11T00:00:00Z,28,18
22300521,73,2024-01-11T00:30:00Z,19,1
22300522,73,2024-01-11T00:30:00Z,24,12
22300523,73,2024-01-11T01:00:00Z,9,5
22300525,73,2024-01-11T01:30:00Z,4,8
22300524,73,2024-01-11T03:00:00Z,7,26
22300526,73,2024-01-11T03:30:00Z,25,10
22300527,74,2024-01-11T19:00:00Z,15,3
22300528,74,2024-01-12T00:30:00Z,2,13
22300529,74,2024-01-12T01:00:00Z,21,24
22300530,74,2024-01-12T01:30:00Z,16,6
22300531,74,2024-01-12T03:00:00Z,20,11
22300532,75,2024-01-13T00:00:00Z,22,19
22300533,75,2024-01-13T00:30:00Z,18,1
22300534,75,2024-01-13T00:30:00Z,9,29
22300536,75,2024-01-13T01:00:00Z,8,5
22300537,75,2024-01-13T01:00:00Z,10,27
22300535,75,2024-01-13T01:00:00Z,17,12
22300538,75,2024-01-13T01:00:00Z,21,14
22300539,75,2024-01-13T02:00:00Z,4,7
22300540,75,2024-01-13T02:30:00Z,25,26
22300541,75,2024-01-13T03:00:00Z,30,23
22300542,76,2024-01-14T00:00:00Z,9,2
22300543,76,2024-01-14T00:30:00Z,28,1
22300544,76,2024-01-14T01:00:00Z,16,27
22300545,76,2024-01-14T01:00:00Z,8,13
22300546,76,2024-01-14T01:00:00Z,17,24
22300547,76,2024-01-14T01:30:00Z,4,6
22300548,76,2024-01-14T01:30:00Z,5,23
22300549,76,2024-01-14T02:30:00Z,11,26
22300550,77,2024-01-14T20:30:00Z,18,7
22300551,77,2024-01-14T23:00:00Z,30,12
22300552,77,2024-01-15T00:00:00Z,22,13
22300553,77,2024-01-15T00:00:00Z,10,14
22300554,77,2024-01-15T02:00:00Z,20,21
22300555,78,2024-01-15T18:00:00Z,9,19
22300556,78,2024-01-15T19:30:00Z,4,6
22300557,78,2024-01-15T20:00:00Z,17,16
22300558,78,2024-01-15T20:00:00Z,29,28
22300559,78,2024-01-15T20:30:00Z,23,1
22300560,78,2024-01-15T23:00:00Z,8,27
22300561,78,2024-01-16T00:00:00Z,5,3
22300562,78,2024-01-16T00:30:00Z,12,15
22300563,78,2024-01-16T00:30:00Z,2,25
22300564,78,2024-01-16T02:00:00Z,18,26
22300565,78,2024-01-16T03:30:00Z,24,11
22300566,79,2024-01-17T00:30:00Z,7,19
22300567,79,2024-01-17T02:00:00Z,22,20
22300568,79,2024-01-17T03:00:00Z,24,10
22300569,80,2024-01-18T00:00:00Z,14,29
22300570,80,2024-01-18T00:30:00Z,17,1
22300571,80,2024-01-18T00:30:00Z,23,2
22300572,80,2024-01-18T00:30:00Z,13,3
22300573,80,2024-01-18T00:30:00Z,9,16
22300574,80,2024-01-18T00:30:00Z,12,25
22300575,80,2024-01-18T01:00:00Z,30,4
22300577,80,2024-01-18T01:30:00Z,6,11
22300576,80,2024-01-18T02:00:00Z,8,26
22300578,80,2024-01-18T03:00:00Z,15,21
22300579,81,2024-01-19T00:30:00Z,28,16
22300580,81,2024-01-19T00:30:00Z,5,25
22300581,81,2024-01-19T02:00:00Z,24,26
22300582,81,2024-01-19T03:00:00Z,27,14
22300583,81,2024-01-19T03:00:00Z,18,22
22300584,82,2024-01-20T00:00:00Z,23,30
22300585,82,2024-01-20T00:00:00Z,19,17
22300586,82,2024-01-20T00:30:00Z,7,2
22300587,82,2024-01-20T01:00:00Z,1,12
22300588,82,2024-01-20T01:00:00Z,20,4
22300589,82,2024-01-20T03:00:00Z,6,8
22300590,82,2024-01-20T03:00:00Z,18,21
22300591,82,2024-01-20T03:30:00Z,15,11
22300592,83,2024-01-20T20:00:00Z,13,29
22300593,83,2024-01-21T00:00:00Z,19,30
22300594,83,2024-01-21T00:00:00Z,23,28
22300595,83,2024-01-21T00:30:00Z,3,1
22300596,83,2024-01-21T00:30:00Z,25,16
22300597,83,2024-01-21T01:00:00Z,27,5
22300598,83,2024-01-21T01:00:00Z,26,9
22300599,83,2024-01-21T01:00:00Z,24,14
22300600,84,2024-01-21T20:30:00Z,15,10
22300601,84,2024-01-21T23:00:00Z,12,17
22300602,84,2024-01-21T23:00:00Z,7,28
22300603,84,2024-01-22T00:00:00Z,2,9
22300604,84,2024-01-22T01:00:00Z,18,20
22300605,84,2024-01-22T03:00:00Z,21,11
22300606,85,2024-01-23T00:00:00Z,13,29
22300607,85,2024-01-23T00:00:00Z,3,17
22300608,85,2024-01-23T00:00:00Z,23,19
22300609,85,2024-01-23T00:30:00Z,27,25
22300610,85,2024-01-23T01:00:00Z,30,14
22300611,85,2024-01-23T01:30:00Z,2,6
22300612,85,2024-01-23T02:00:00Z,5,20
22300613,85,2024-01-23T03:00:00Z,1,22
22300614,86,2024-01-24T00:00:00Z,7,18
22300615,86,2024-01-24T00:30:00Z,16,15
22300616,86,2024-01-24T01:00:00Z,26,4
22300617,86,2024-01-24T01:00:00Z,21,24
22300618,86,2024-01-24T03:00:00Z,11,10
22300619,87,2024-01-25T00:00:00Z,30,29
22300620,87,2024-01-25T00:00:00Z,14,28
22300621,87,2024-01-25T00:30:00Z,27,12
22300623,87,2024-01-25T01:00:00Z,21,9
22300624,87,2024-01-25T01:00:00Z,3,13
22300622,87,2024-01-25T01:30:00Z,24,23
22300625,87,2024-01-25T02:30:00Z,20,6
22300626,87,2024-01-25T03:00:00Z,1,8
22300627,88,2024-01-26T00:00:00Z,19,18
22300628,88,2024-01-26T00:00:00Z,26,28
22300629,88,2024-01-26T00:30:00Z,14,15
22300630,88,2024-01-26T00:30:00Z,2,12
22300631,88,2024-01-26T00:30:00Z,7,16
22300632,88,2024-01-26T03:00:00Z,22,8
22300633,88,2024-01-26T03:30:00Z,5,11
22300634,89,2024-01-27T00:00:00Z,6,1
22300635,89,2024-01-27T00:00:00Z,9,30
22300636,89,2024-01-27T00:00:00Z,20,18
22300637,89,2024-01-27T00:30:00Z,10,25
22300638,89,2024-01-27T01:00:00Z,17,27
22300639,89,2024-01-27T01:00:00Z,3,13
22300640,89,2024-01-27T01:00:00Z,24,4
22300641,89,2024-01-27T02:30:00Z,21,23
22300642,90,2024-01-27T17:00:00Z,28,29
22300643,90,2024-01-27T20:00:00Z,12,16
22300644,90,2024-01-27T22:30:00Z,19,7
22300645,90,2024-01-27T23:00:00Z,9,15
22300646,90,2024-01-28T00:00:00Z,10,2
22300647,90,2024-01-28T00:00:00Z,26,30
22300648,90,2024-01-28T01:00:00Z,4,13
22300650,90,2024-01-28T01:30:00Z,11,8
22300649,90,2024-01-28T01:30:00Z,14,23
22300651,90,2024-01-28T02:00:00Z,22,6
22300652,91,2024-01-28T20:30:00Z,27,18
22300653,91,2024-01-28T23:00:00Z,25,1
22300654,91,2024-01-28T23:00:00Z,24,29
22300655,91,2024-01-28T23:00:00Z,20,17
22300656,91,2024-01-29T02:00:00Z,5,21
22300657,92,2024-01-30T00:00:00Z,16,30
22300658,92,2024-01-30T00:00:00Z,10,3
22300659,92,2024-01-30T00:30:00Z,4,2
22300660,92,2024-01-30T00:30:00Z,26,15
22300661,92,2024-01-30T00:30:00Z,20,12
22300662,92,2024-01-30T01:00:00Z,11,9
22300663,92,2024-01-30T01:00:00Z,22,27
22300664,92,2024-01-30T01:00:00Z,14,24
22300665,92,2024-01-30T01:00:00Z,28,23
22300666,92,2024-01-30T01:30:00Z,17,6
22300667,92,2024-01-30T02:00:00Z,13,7
22300668,92,2024-01-30T03:00:00Z,19,21
22300669,93,2024-01-31T00:30:00Z,11,1
22300670,93,2024-01-31T00:30:00Z,18,2
22300671,93,2024-01-31T00:30:00Z,26,16
22300672,93,2024-01-31T01:00:00Z,25,5
22300673,93,2024-01-31T03:00:00Z,19,8
22300674,94,2024-02-01T00:00:00Z,5,30
22300675,94,2024-02-01T00:00:00Z,29,3
22300676,94,2024-02-01T00:00:00Z,10,28
22300678,94,2024-02-01T00:30:00Z,22,12
22300679,94,2024-02-01T01:00:00Z,4,9
22300680,94,2024-02-01T01:00:00Z,6,14
22300682,94,2024-02-01T01:00:00Z,7,24
22300681,94,2024-02-01T01:00:00Z,17,23
22300677,94,2024-02-01T01:30:00Z,20,15
22300683,94,2024-02-01T03:00:00Z,13,21
22300684,95,2024-02-02T00:30:00Z,11,2
22300685,95,2024-02-02T00:30:00Z,18,16
22300686,95,2024-02-02T02:00:00Z,19,26
22300687,95,2024-02-02T03:00:00Z,3,27
22300688,96,2024-02-03T00:00:00Z,10,29
22300689,96,2024-02-03T00:00:00Z,12,28
22300690,96,2024-02-03T00:30:00Z,20,1
22300691,96,2024-02-03T00:30:00Z,22,18
22300692,96,2024-02-03T01:00:00Z,25,9
22300693,96,2024-02-03T01:00:00Z,8,27
22300694,96,2024-02-03T01:00:00Z,17,14
22300695,96,2024-02-03T01:00:00Z,30,24
22300696,96,2024-02-03T01:00:00Z,4,23
22300697,96,2024-02-03T02:00:00Z,21,7
22300698,97,2024-02-03T23:00:00Z,15,19
22300699,97,2024-02-04T00:30:00Z,8,1
22300700,97,2024-02-04T01:00:00Z,22,5
22300702,97,2024-02-04T01:30:00Z,13,6
22300701,97,2024-02-04T01:30:00Z,11,16
22300703,97,2024-02-04T01:30:00Z,3,23
22300704,98,2024-02-04T20:00:00Z,17,29
22300705,98,2024-02-04T20:30:00Z,20,28
22300706,98,2024-02-04T23:00:00Z,27,2
22300707,98,2024-02-04T23:00:00Z,18,30
22300708,98,2024-02-04T23:00:00Z,10,12
22300709,98,2024-02-05T00:00:00Z,9,14
22300710,98,2024-02-05T00:00:00Z,25,24
22300711,98,2024-02-05T01:00:00Z,13,26
22300712,98,2024-02-05T01:30:00Z,21,7
22300713,99,2024-02-06T00:00:00Z,11,30
22300714,99,2024-02-06T00:00:00Z,22,3
22300715,99,2024-02-06T00:00:00Z,6,19
22300716,99,2024-02-06T00:30:00Z,10,1
22300717,99,2024-02-06T00:30:00Z,8,15
22300718,99,2024-02-06T01:00:00Z,25,4
22300719,100,2024-02-07T00:00:00Z,9,18
22300720,100,2024-02-07T00:30:00Z,6,15
22300721,100,2024-02-07T00:30:00Z,17,12
22300722,100,2024-02-07T00:30:00Z,27,16
22300723,100,2024-02-07T01:00:00Z,14,5
22300724,100,2024-02-07T02:00:00Z,24,26
22300725,100,2024-02-07T03:00:00Z,13,20
22300726,101,2024-02-08T00:00:00Z,25,30
22300727,101,2024-02-08T00:00:00Z,8,19
22300728,101,2024-02-08T00:00:00Z,3,28
22300729,101,2024-02-08T00:30:00Z,1,2
22300730,101,2024-02-08T00:30:00Z,23,12
22300731,101,2024-02-08T03:00:00Z,4,10
22300732,101,2024-02-08T03:00:00Z,29,22
22300733,102,2024-02-09T00:00:00Z,8,18
22300734,102,2024-02-09T00:00:00Z,23,17
22300735,102,2024-02-09T00:30:00Z,3,15
22300736,102,2024-02-09T00:30:00Z,6,16
22300737,102,2024-02-09T01:00:00Z,5,27
22300738,102,2024-02-09T01:00:00Z,14,13
22300739,102,2024-02-09T02:00:00Z,26,20
22300740,102,2024-02-09T03:00:00Z,7,11
22300741,102,2024-02-09T03:00:00Z,29,21
22300742,103,2024-02-10T00:00:00Z,1,19
22300743,103,2024-02-10T00:30:00Z,28,2
22300744,103,2024-02-10T00:30:00Z,9,25
22300745,103,2024-02-10T01:00:00Z,30,13
22300746,103,2024-02-10T03:00:00Z,7,22
22300747,103,2024-02-10T03:30:00Z,4,11
22300748,104,2024-02-10T20:00:00Z,24,6
22300749,104,2024-02-10T20:30:00Z,29,10
22300750,104,2024-02-10T23:00:00Z,23,15
22300751,104,2024-02-11T00:00:00Z,27,30
22300752,104,2024-02-11T00:00:00Z,5,17
22300753,104,2024-02-11T00:00:00Z,19,28
22300754,104,2024-02-11T00:30:00Z,9,1
22300755,104,2024-02-11T00:30:00Z,18,16
22300756,104,2024-02-11T00:30:00Z,3,25
22300757,104,2024-02-11T01:30:00Z,20,8
22300758,104,2024-02-11T03:00:00Z,4,21
22300759,105,2024-02-11T19:00:00Z,2,12
22300760,105,2024-02-11T20:00:00Z,22,24
22300761,106,2024-02-13T00:00:00Z,18,30
22300762,106,2024-02-13T00:00:00Z,19,3
22300763,106,2024-02-13T00:30:00Z,5,1
22300764,106,2024-02-13T00:30:00Z,23,25
22300765,106,2024-02-13T01:00:00Z,16,9
22300766,106,2024-02-13T01:00:00Z,4,27
22300767,106,2024-02-13T01:00:00Z,7,13
22300768,106,2024-02-13T01:30:00Z,28,6
22300769,106,2024-02-13T02:00:00Z,8,26
22300770,106,2024-02-13T03:30:00Z,14,10
22300771,107,2024-02-14T00:30:00Z,2,15
22300772,107,2024-02-14T00:30:00Z,24,17
22300773,107,2024-02-14T01:00:00Z,12,13
22300774,107,2024-02-14T03:00:00Z,22,20
22300775,107,2024-02-14T03:00:00Z,14,21
22300776,107,2024-02-14T03:30:00Z,29,11
22300777,108,2024-02-15T00:00:00Z,1,30
22300778,108,2024-02-15T00:00:00Z,16,17
22300779,108,2024-02-15T00:00:00Z,12,19
22300780,108,2024-02-15T00:30:00Z,15,2
22300781,108,2024-02-15T00:30:00Z,5,3
22300782,108,2024-02-15T00:30:00Z,18,25
22300783,108,2024-02-15T01:00:00Z,9,27
22300784,108,2024-02-15T01:00:00Z,28,4
22300785,108,2024-02-15T01:30:00Z,23,6
22300786,108,2024-02-15T02:00:00Z,22,7
22300787,108,2024-02-15T02:00:00Z,29,20
22300788,108,2024-02-15T02:00:00Z,11,26
22300789,108,2024-02-15T03:00:00Z,10,8
22300790,109,2024-02-16T01:30:00Z,13,27
22300791,109,2024-02-16T03:00:00Z,14,21
22300792,110,2024-02-23T00:00:00Z,17,3
22300793,110,2024-02-23T00:00:00Z,29,18
22300794,110,2024-02-23T00:00:00Z,16,19
22300795,110,2024-02-23T00:00:00Z,15,25
22300796,110,2024-02-23T00:30:00Z,20,6
22300797,110,2024-02-23T01:00:00Z,2,5
22300798,110,2024-02-23T01:00:00Z,9,4
22300799,110,2024-02-23T01:00:00Z,10,24
22300800,110,2024-02-23T02:00:00Z,28,7
22300801,110,2024-02-23T02:00:00Z,30,26
22300802,110,2024-02-23T03:00:00Z,11,8
22300803,110,2024-02-23T03:00:00Z,23,22
22300804,111,2024-02-24T00:30:00Z,25,1
22300805,111,2024-02-24T00:30:00Z,3,19
22300806,111,2024-02-24T01:00:00Z,20,9
22300807,111,2024-02-24T01:00:00Z,10,27
22300808,111,2024-02-24T01:00:00Z,13,14
22300809,111,2024-02-24T01:00:00Z,28,24
22300811,111,2024-02-24T03:00:00Z,30,8
22300810,111,2024-02-24T03:00:00Z,12,4
22300812,111,2024-02-24T03:00:00Z,7,21
22300813,111,2024-02-24T03:30:00Z,23,11
22300814,112,2024-02-25T01:00:00Z,17,29
22300815,112,2024-02-25T01:00:00Z,15,14
22300816,112,2024-02-25T01:30:00Z,2,16
22300817,113,2024-02-25T18:00:00Z,13,19
22300818,113,2024-02-25T20:30:00Z,11,20
22300819,113,2024-02-25T22:00:00Z,6,18
22300820,113,2024-02-25T23:00:00Z,3,28
22300821,113,2024-02-26T00:00:00Z,17,1
22300824,113,2024-02-26T00:00:00Z,7,8
22300822,113,2024-02-26T00:00:00Z,24,9
22300823,113,2024-02-26T00:00:00Z,5,4
22300825,113,2024-02-26T01:00:00Z,23,26
22300826,113,2024-02-26T02:00:00Z,30,21
22300827,113,2024-02-26T02:30:00Z,22,10
22300829,114,2024-02-27T00:00:00Z,25,18
22300828,114,2024-02-27T00:30:00Z,29,16
22300830,114,2024-02-27T01:00:00Z,15,27
22300831,114,2024-02-27T03:00:00Z,12,22
22300832,115,2024-02-28T00:00:00Z,6,3
22300833,115,2024-02-28T00:00:00Z,15,17
22300834,115,2024-02-28T00:00:00Z,8,28
22300835,115,2024-02-28T00:30:00Z,26,1
22300836,115,2024-02-28T00:30:00Z,19,2
22300838,115,2024-02-28T00:30:00Z,23,14
22300837,115,2024-02-28T00:30:00Z,4,16
22300839,115,2024-02-28T01:00:00Z,29,5
22300840,115,2024-02-28T01:00:00Z,30,13
22300841,115,2024-02-28T01:00:00Z,9,24
22300842,115,2024-02-28T03:00:00Z,12,21
22300843,116,2024-02-29T00:00:00Z,4,18
22300845,116,2024-02-29T00:30:00Z,27,14
22300844,116,2024-02-29T00:30:00Z,6,25
22300846,116,2024-02-29T01:00:00Z,3,5
22300847,116,2024-02-29T02:00:00Z,22,7
22300848,116,2024-02-29T03:00:00Z,11,10
22300849,117,2024-03-01T00:00:00Z,13,30
22300850,117,2024-03-01T00:00:00Z,26,17
22300851,117,2024-03-01T00:30:00Z,1,15
22300852,117,2024-03-01T00:30:00Z,8,16
22300853,117,2024-03-01T01:30:00Z,24,23
22300854,117,2024-03-01T02:00:00Z,9,20
22300855,117,2024-03-01T03:00:00Z,12,7
22300856,117,2024-03-01T03:30:00Z,28,11
22300857,118,2024-03-02T00:00:00Z,3,29
22300858,118,2024-03-02T00:00:00Z,30,19
22300859,118,2024-03-02T00:30:00Z,6,2
22300860,118,2024-03-02T00:30:00Z,8,25
22300861,118,2024-03-02T01:00:00Z,21,27
22300862,118,2024-03-02T01:00:00Z,22,14
22300863,118,2024-03-02T01:00:00Z,18,4
22300864,118,2024-03-02T03:00:00Z,13,5
22300865,118,2024-03-02T03:30:00Z,28,10
22300866,119,2024-03-02T20:00:00Z,1,15
22300867,119,2024-03-02T22:00:00Z,26,12
22300868,119,2024-03-03T01:00:00Z,21,27
22300869,119,2024-03-03T01:30:00Z,7,11
22300870,119,2024-03-03T02:00:00Z,9,20
22300871,120,2024-03-03T18:00:00Z,19,6
22300872,120,2024-03-03T20:30:00Z,8,2
22300873,120,2024-03-03T20:30:00Z,10,14
22300874,120,2024-03-03T23:00:00Z,29,17
22300875,120,2024-03-03T23:00:00Z,30,25
22300876,120,2024-03-04T00:00:00Z,16,3
22300877,120,2024-03-04T00:00:00Z,18,23
22300878,120,2024-03-04T02:30:00Z,24,20
22300879,121,2024-03-05T00:30:00Z,27,15
22300880,121,2024-03-05T01:00:00Z,10,13
22300881,121,2024-03-05T01:00:00Z,21,14
22300882,121,2024-03-05T02:00:00Z,28,26
22300883,121,2024-03-05T03:00:00Z,5,22
22300884,121,2024-03-05T03:30:00Z,24,11
22300885,122,2024-03-06T00:00:00Z,17,30
22300886,122,2024-03-06T00:00:00Z,2,3
22300887,122,2024-03-06T00:30:00Z,19,15
22300888,122,2024-03-06T00:30:00Z,29,12
22300889,122,2024-03-06T00:30:00Z,1,16
22300890,122,2024-03-06T00:30:00Z,4,25
22300891,122,2024-03-06T01:00:00Z,23,9
22300892,122,2024-03-06T01:30:00Z,18,6
22300893,122,2024-03-06T03:00:00Z,20,7
22300894,123,2024-03-07T00:00:00Z,17,28
22300895,123,2024-03-07T00:30:00Z,3,1
22300896,123,2024-03-07T00:30:00Z,27,19
22300897,123,2024-03-07T01:00:00Z,10,9
22300898,123,2024-03-07T02:00:00Z,5,26
22300899,123,2024-03-07T03:00:00Z,13,8
22300900,123,2024-03-07T03:00:00Z,24,21
22300901,123,2024-03-07T03:30:00Z,22,11
22300902,124,2024-03-08T00:00:00Z,15,29
22300903,124,2024-03-08T00:00:00Z,14,18
22300904,124,2024-03-08T00:30:00Z,12,6
22300905,124,2024-03-08T02:00:00Z,25,20
22300906,124,2024-03-08T03:00:00Z,2,7
22300907,124,2024-03-08T03:00:00Z,5,8
22300908,124,2024-03-08T03:00:00Z,23,22
22300909,125,2024-03-09T00:00:00Z,4,19
22300910,125,2024-03-09T00:00:00Z,30,28
22300911,125,2024-03-09T00:30:00Z,14,3
22300913,125,2024-03-09T00:30:00Z,1,27
22300912,125,2024-03-09T00:30:00Z,17,16
22300914,125,2024-03-09T01:00:00Z,12,24
22300915,125,2024-03-09T03:00:00Z,13,11
22300916,125,2024-03-09T03:00:00Z,9,21
22300917,126,2024-03-09T21:00:00Z,5,10
22300918,126,2024-03-10T00:00:00Z,15,30
22300919,126,2024-03-10T00:00:00Z,6,29
22300921,126,2024-03-10T01:30:00Z,23,8
22300920,126,2024-03-10T01:30:00Z,2,20
22300922,126,2024-03-10T03:00:00Z,26,7
22300923,126,2024-03-10T03:00:00Z,25,21
22300924,127,2024-03-10T19:00:00Z,13,10
22300925,127,2024-03-10T22:00:00Z,4,1
22300926,127,2024-03-10T22:00:00Z,28,12
22300927,127,2024-03-10T22:00:00Z,19,16
22300928,127,2024-03-10T22:00:00Z,18,17
22300929,127,2024-03-10T22:00:00Z,9,22
22300930,127,2024-03-10T23:00:00Z,15,3
22300931,127,2024-03-10T23:00:00Z,27,24
22300932,127,2024-03-11T01:30:00Z,14,11
22300933,128,2024-03-11T23:00:00Z,30,29
22300934,128,2024-03-11T23:30:00Z,20,3
22300935,128,2024-03-12T00:00:00Z,6,5
22300936,128,2024-03-12T00:00:00Z,8,23
22300937,128,2024-03-12T01:00:00Z,25,7
22300938,128,2024-03-12T02:30:00Z,2,21
22300939,129,2024-03-12T23:30:00Z,19,16
22300940,129,2024-03-13T00:00:00Z,28,27
22300941,129,2024-03-13T00:00:00Z,18,24
22300942,129,2024-03-13T00:30:00Z,9,23
22300943,129,2024-03-13T01:00:00Z,2,26
22300944,129,2024-03-13T02:00:00Z,14,10
22300945,129,2024-03-13T02:00:00Z,13,22
22300946,130,2024-03-13T23:00:00Z,25,29
22300947,130,2024-03-13T23:00:00Z,15,17
22300948,130,2024-03-13T23:30:00Z,5,18
22300949,130,2024-03-13T23:30:00Z,7,12
22300950,130,2024-03-14T00:00:00Z,30,27
22300951,130,2024-03-14T00:00:00Z,3,4
22300952,130,2024-03-14T00:30:00Z,8,6
22300953,130,2024-03-14T02:00:00Z,1,21
22300954,130,2024-03-14T02:00:00Z,11,22
22300955,131,2024-03-14T23:30:00Z,20,2
22300956,131,2024-03-15T00:00:00Z,10,5
22300957,131,2024-03-15T00:00:00Z,28,9
22300958,131,2024-03-15T00:00:00Z,19,13
22300959,131,2024-03-15T02:00:00Z,6,24
22300960,131,2024-03-15T02:00:00Z,16,21
22300961,132,2024-03-15T23:00:00Z,20,30
22300962,132,2024-03-15T23:00:00Z,12,29
22300963,132,2024-03-15T23:30:00Z,17,25
22300964,132,2024-03-16T00:00:00Z,10,4
22300965,132,2024-03-16T00:30:00Z,7,23
22300966,132,2024-03-16T01:30:00Z,1,26
22300967,133,2024-03-16T21:00:00Z,3,9
22300968,133,2024-03-16T23:00:00Z,15,18
22300970,133,2024-03-16T23:00:00Z,21,4
22300969,133,2024-03-16T23:00:00Z,30,19
22300971,133,2024-03-17T00:00:00Z,28,5
22300972,133,2024-03-17T00:00:00Z,24,27
22300973,133,2024-03-17T00:30:00Z,8,11
22300974,133,2024-03-17T01:30:00Z,14,26
22300975,133,2024-03-17T02:00:00Z,16,22
22300976,134,2024-03-17T17:00:00Z,20,13
22300977,134,2024-03-17T19:00:00Z,12,29
22300978,134,2024-03-17T19:30:00Z,7,6
22300979,134,2024-03-17T22:00:00Z,25,17
22300980,134,2024-03-17T22:00:00Z,2,28
22300981,134,2024-03-17T23:00:00Z,15,23
22300982,134,2024-03-18T01:30:00Z,1,10
22300983,135,2024-03-18T23:00:00Z,3,18
22300984,135,2024-03-18T23:30:00Z,29,2
22300985,135,2024-03-18T23:30:00Z,12,19
22300986,135,2024-03-19T00:00:00Z,21,5
22300987,135,2024-03-19T01:00:00Z,14,26
22300988,135,2024-03-19T02:00:00Z,16,8
22300989,135,2024-03-19T02:00:00Z,27,22
22300990,135,2024-03-19T02:30:00Z,1,11
22300991,136,2024-03-19T23:00:00Z,30,17
22300992,136,2024-03-19T23:00:00Z,9,28
22300993,136,2024-03-19T23:30:00Z,4,15
22300994,136,2024-03-20T00:00:00Z,6,23
22300995,136,2024-03-20T01:00:00Z,7,14
22300996,137,2024-03-20T23:00:00Z,12,3
22300997,137,2024-03-20T23:00:00Z,18,29
22300998,137,2024-03-20T23:30:00Z,13,2
22300999,137,2024-03-20T23:30:00Z,22,25
22301000,137,2024-03-21T00:00:00Z,26,24
22301001,137,2024-03-21T02:00:00Z,27,8
22301002,137,2024-03-21T02:00:00Z,19,20
22301003,137,2024-03-21T02:00:00Z,10,21
22301004,138,2024-03-21T23:00:00Z,4,17
22301005,138,2024-03-21T23:00:00Z,22,28
22301006,138,2024-03-22T00:00:00Z,5,9
22301007,138,2024-03-22T00:00:00Z,15,13
22301008,138,2024-03-22T00:30:00Z,26,6
22301009,138,2024-03-22T01:00:00Z,16,7
22301010,138,2024-03-22T02:30:00Z,1,20
22301011,139,2024-03-22T23:00:00Z,2,29
22301012,139,2024-03-22T23:00:00Z,24,25
22301013,139,2024-03-23T00:00:00Z,4,12
22301014,139,2024-03-23T00:00:00Z,3,14
22301015,139,2024-03-23T00:00:00Z,27,23
22301016,139,2024-03-23T02:00:00Z,18,8
22301017,139,2024-03-23T02:00:00Z,10,21
22301018,139,2024-03-23T02:30:00Z,19,11
22301019,140,2024-03-23T17:00:00Z,15,16
22301020,140,2024-03-23T23:00:00Z,22,17
22301021,140,2024-03-23T23:30:00Z,30,1
22301023,140,2024-03-24T00:00:00Z,2,5
22301024,140,2024-03-24T00:00:00Z,26,9
22301025,140,2024-03-24T00:00:00Z,20,23
22301022,140,2024-03-24T00:00:00Z,25,28
22301026,140,2024-03-24T02:00:00Z,7,21
22301027,141,2024-03-24T19:00:00Z,4,29
22301028,141,2024-03-24T19:30:00Z,19,10
22301029,141,2024-03-24T22:00:00Z,3,12
22301030,141,2024-03-24T23:00:00Z,24,13
22301031,141,2024-03-24T23:00:00Z,8,14
22301032,141,2024-03-25T02:00:00Z,18,11
22301033,142,2024-03-25T23:00:00Z,30,3
22301034,142,2024-03-25T23:30:00Z,2,1
22301035,142,2024-03-25T23:30:00Z,29,16
22301036,142,2024-03-25T23:30:00Z,15,25
22301037,142,2024-03-26T00:00:00Z,28,5
22301038,142,2024-03-26T00:00:00Z,21,9
22301039,142,2024-03-26T00:00:00Z,20,23
22301040,142,2024-03-26T01:00:00Z,27,7
22301041,142,2024-03-26T01:00:00Z,6,26
22301042,142,2024-03-26T02:00:00Z,19,22
22301043,142,2024-03-26T02:30:00Z,18,10
22301044,143,2024-03-26T23:30:00Z,8,12
22301045,143,2024-03-26T23:30:00Z,11,13
22301046,143,2024-03-27T00:00:00Z,24,4
22301047,143,2024-03-27T02:00:00Z,6,22
22301048,144,2024-03-27T23:00:00Z,3,30
22301049,144,2024-03-27T23:00:00Z,8,17
22301050,144,2024-03-27T23:00:00Z,15,28
22301051,144,2024-03-27T23:30:00Z,21,1
22301052,144,2024-03-27T23:30:00Z,10,19
22301053,144,2024-03-27T23:30:00Z,16,25
22301054,144,2024-03-28T00:00:00Z,18,5
22301055,144,2024-03-28T00:00:00Z,11,27
22301056,144,2024-03-28T00:00:00Z,29,14
22301057,144,2024-03-28T00:00:00Z,9,24
22301058,144,2024-03-28T01:00:00Z,23,26
22301059,144,2024-03-28T02:00:00Z,20,7
22301060,145,2024-03-28T23:30:00Z,2,1
22301061,145,2024-03-29T00:00:00Z,13,4
22301062,146,2024-03-29T23:00:00Z,8,30
22301063,146,2024-03-29T23:00:00Z,11,18
22301064,146,2024-03-29T23:00:00Z,10,17
22301065,146,2024-03-29T23:00:00Z,29,28
22301066,146,2024-03-29T23:30:00Z,5,15
22301067,146,2024-03-29T23:30:00Z,19,3
22301068,146,2024-03-30T00:00:00Z,21,12
22301069,146,2024-03-30T00:00:00Z,20,24
22301070,146,2024-03-30T00:00:00Z,16,23
22301071,146,2024-03-30T01:00:00Z,14,7
22301072,146,2024-03-30T01:30:00Z,9,26
22301073,146,2024-03-30T02:00:00Z,6,22
22301074,147,2024-03-30T21:00:00Z,2,4
22301075,147,2024-03-30T23:00:00Z,27,17
22301076,147,2024-03-30T23:30:00Z,13,1
22301077,148,2024-03-31T19:30:00Z,3,7
22301078,148,2024-03-31T22:00:00Z,11,15
22301079,148,2024-03-31T22:00:00Z,10,30
22301080,148,2024-03-31T22:00:00Z,19,25
22301081,148,2024-03-31T22:00:00Z,12,28
22301083,148,2024-03-31T23:00:00Z,6,9
22301084,148,2024-03-31T23:00:00Z,5,14
22301082,148,2024-03-31T23:00:00Z,24,16
22301085,148,2024-03-31T23:00:00Z,8,23
22301086,148,2024-04-01T01:00:00Z,26,22
22301087,149,2024-04-01T23:00:00Z,2,30
22301088,149,2024-04-01T23:00:00Z,27,29
22301089,149,2024-04-01T23:00:00Z,15,18
22301090,149,2024-04-01T23:00:00Z,21,17
22301091,149,2024-04-02T00:00:00Z,1,5
22301092,149,2024-04-02T00:00:00Z,20,4
22301093,150,2024-04-02T23:00:00Z,24,19
22301094,150,2024-04-02T23:00:00Z,11,25
22301095,150,2024-04-02T23:00:00Z,13,28
22301097,150,2024-04-02T23:30:00Z,8,6
22301096,150,2024-04-02T23:30:00Z,16,12
22301098,150,2024-04-03T00:00:00Z,9,14
22301099,150,2024-04-03T01:00:00Z,23,7
22301100,150,2024-04-03T01:00:00Z,3,26
22301101,150,2024-04-03T02:00:00Z,10,22
22301102,151,2024-04-03T23:00:00Z,21,30
22301103,151,2024-04-03T23:00:00Z,11,28
22301104,151,2024-04-03T23:30:00Z,29,1
22301105,151,2024-04-03T23:30:00Z,24,2
22301106,151,2024-04-03T23:30:00Z,18,15
22301107,151,2024-04-03T23:30:00Z,27,13
22301108,151,2024-04-04T00:00:00Z,25,14
22301109,151,2024-04-04T00:00:00Z,17,4
22301110,151,2024-04-04T02:00:00Z,3,20
22301111,152,2024-04-04T23:30:00Z,19,12
22301112,152,2024-04-04T23:30:00Z,22,16
22301113,152,2024-04-05T00:00:00Z,8,9
22301114,152,2024-04-05T02:00:00Z,7,10
22301115,153,2024-04-05T23:00:00Z,17,30
22301116,153,2024-04-05T23:00:00Z,24,18
22301117,153,2024-04-05T23:00:00Z,21,28
22301118,153,2024-04-05T23:30:00Z,22,2
22301119,153,2024-04-06T00:00:00Z,16,5
22301120,153,2024-04-06T00:00:00Z,12,9
22301121,153,2024-04-06T00:00:00Z,29,27
22301122,153,2024-04-06T00:00:00Z,25,13
22301123,153,2024-04-06T00:00:00Z,23,4
22301124,153,2024-04-06T00:30:00Z,1,6
22301125,153,2024-04-06T02:00:00Z,14,20
22301126,153,2024-04-06T02:30:00Z,26,10
22301127,154,2024-04-06T19:30:00Z,3,11
22301128,154,2024-04-06T23:00:00Z,29,15
22301129,154,2024-04-07T00:00:00Z,19,27
22301130,154,2024-04-07T01:00:00Z,1,7
22301131,155,2024-04-07T19:30:00Z,9,6
22301132,155,2024-04-07T19:30:00Z,3,10
22301133,155,2024-04-07T21:00:00Z,12,18
22301134,155,2024-04-07T22:00:00Z,21,2
22301135,155,2024-04-07T22:00:00Z,24,30
22301136,155,2024-04-07T22:00:00Z,5,17
22301138,155,2024-04-07T22:00:00Z,4,20
22301137,155,2024-04-07T22:00:00Z,28,25
22301139,155,2024-04-07T23:00:00Z,16,13
22301140,155,2024-04-07T23:00:00Z,19,23
22301141,155,2024-04-07T23:30:00Z,22,15
22301142,155,2024-04-08T00:30:00Z,26,8
22301143,155,2024-04-08T02:00:00Z,14,11
22301144,156,2024-04-09T23:00:00Z,6,30
22301145,156,2024-04-09T23:00:00Z,29,19
22301146,156,2024-04-09T23:00:00Z,18,25
22301147,156,2024-04-09T23:30:00Z,12,1
22301148,156,2024-04-09T23:30:00Z,2,13
22301149,156,2024-04-10T00:00:00Z,16,5
22301150,156,2024-04-10T00:00:00Z,17,9
22301151,156,2024-04-10T00:00:00Z,23,27
22301152,156,2024-04-10T00:00:00Z,28,14
22301153,156,2024-04-10T00:00:00Z,22,24
22301154,156,2024-04-10T01:00:00Z,7,26
22301155,156,2024-04-10T02:00:00Z,8,11
22301156,156,2024-04-10T02:00:00Z,10,20
22301157,156,2024-04-10T02:00:00Z,4,21
22301158,157,2024-04-10T23:00:00Z,27,3
22301159,157,2024-04-10T23:30:00Z,30,1
22301160,157,2024-04-10T23:30:00Z,25,15
22301161,157,2024-04-10T23:30:00Z,6,12
22301162,157,2024-04-11T00:00:00Z,17,13
22301163,157,2024-04-11T00:00:00Z,23,24
22301164,157,2024-04-11T02:00:00Z,14,7
22301165,157,2024-04-11T02:30:00Z,20,10
22301166,158,2024-04-11T23:00:00Z,5,29
22301167,158,2024-04-11T23:30:00Z,16,2
22301168,158,2024-04-12T01:00:00Z,9,26
22301169,158,2024-04-12T02:00:00Z,8,21
22301170,158,2024-04-12T02:00:00Z,4,22
22301171,159,2024-04-12T23:00:00Z,17,19
22301172,159,2024-04-12T23:00:00Z,5,28
22301173,159,2024-04-12T23:30:00Z,30,2
22301174,159,2024-04-12T23:30:00Z,18,3
22301175,159,2024-04-12T23:30:00Z,15,16
22301177,159,2024-04-13T00:00:00Z,11,27
22301176,159,2024-04-13T00:00:00Z,25,12
22301178,159,2024-04-13T00:00:00Z,1,14
22301179,159,2024-04-13T00:00:00Z,13,24
22301180,159,2024-04-13T00:00:00Z,7,23
22301181,159,2024-04-13T00:30:00Z,29,6
22301182,159,2024-04-13T02:00:00Z,4,8
22301183,159,2024-04-13T02:00:00Z,9,21
22301184,159,2024-04-13T02:30:00Z,26,10
22301185,159,2024-04-13T02:30:00Z,20,22
22301186,160,2024-04-14T17:00:00Z,28,2
22301187,160,2024-04-14T17:00:00Z,30,3
22301188,160,2024-04-14T17:00:00Z,1,18
22301189,160,2024-04-14T17:00:00Z,25,12
22301190,160,2024-04-14T17:00:00Z,5,16
22301191,160,2024-04-14T17:00:00Z,13,17
22301192,160,2024-04-14T17:00:00Z,15,19
22301198,160,2024-04-14T19:30:00Z,26,8
22301199,160,2024-04-14T19:30:00Z,9,10
22301193,160,2024-04-14T19:30:00Z,7,27
22301194,160,2024-04-14T19:30:00Z,20,14
22301195,160,2024-04-14T19:30:00Z,11,4
22301196,160,2024-04-14T19:30:00Z,6,24
22301200,160,2024-04-14T19:30:00Z,21,22
22301197,160,2024-04-14T19:30:00Z,29,23
22300061,1,2023-10-24T23:30:00Z,11,7
22300062,1,2023-10-25T02:00:00Z,20,8
22300063,2,2023-10-25T23:00:00Z,1,30
22300064,2,2023-10-25T23:00:00Z,28,18
22300065,2,2023-10-25T23:00:00Z,2,16
22300066,2,2023-10-25T23:00:00Z,9,17
22300067,2,2023-10-25T23:30:00Z,3,15
22300068,2,2023-10-25T23:30:00Z,29,12
22300069,2,2023-10-25T23:30:00Z,14,25
22300070,2,2023-10-26T00:00:00Z,24,5
22300071,2,2023-10-26T00:00:00Z,4,27
22300072,2,2023-10-26T01:00:00Z,22,26
22300073,2,2023-10-26T01:30:00Z,6,23
22300074,2,2023-10-26T02:30:00Z,21,10
22300075,3,2023-10-26T23:30:00Z,19,13
22300076,3,2023-10-27T02:00:00Z,20,11
22300077,4,2023-10-27T23:00:00Z,29,30
22300078,4,2023-10-27T23:00:00Z,7,27
22300079,4,2023-10-27T23:30:00Z,16,1
22300080,4,2023-10-27T23:30:00Z,12,2
22300081,4,2023-10-27T23:30:00Z,24,3
22300082,4,2023-10-28T00:00:00Z,25,5
22300083,4,2023-10-28T00:00:00Z,9,23
22300084,4,2023-10-28T00:30:00Z,15,6
22300085,4,2023-10-28T01:30:00Z,10,26
22300086,4,2023-10-28T02:00:00Z,17,21
22300087,4,2023-10-28T02:00:00Z,8,22
22300088,5,2023-10-28T23:00:00Z,5,29
22300090,5,2023-10-28T23:00:00Z,16,4
22300089,5,2023-10-28T23:00:00Z,27,28
22300091,5,2023-10-28T23:30:00Z,18,3
22300092,5,2023-10-28T23:30:00Z,19,25
22300093,5,2023-10-29T00:00:00Z,12,14
22300094,5,2023-10-29T02:00:00Z,26,20
22300095,6,2023-10-29T19:30:00Z,7,24
22300096,6,2023-10-29T23:00:00Z,8,9
22300097,6,2023-10-29T23:00:00Z,1,13
22300098,6,2023-10-29T23:30:00Z,21,19
22300099,6,2023-10-30T01:00:00Z,23,10
22300100,6,2023-10-30T01:00:00Z,11,22
22300101,7,2023-10-30T23:00:00Z,15,30
22300102,7,2023-10-30T23:00:00Z,5,18
22300103,7,2023-10-30T23:00:00Z,2,28
22300104,7,2023-10-30T23:30:00Z,14,1
22300105,7,2023-10-30T23:30:00Z,21,25
22300106,7,2023-10-31T00:00:00Z,6,27
22300107,7,2023-10-31T00:00:00Z,12,13
22300108,7,2023-10-31T00:00:00Z,8,4
22300109,7,2023-10-31T00:00:00Z,29,24
22300110,7,2023-10-31T01:00:00Z,26,7
22300111,7,2023-10-31T02:30:00Z,17,11
22300112,8,2023-10-31T23:30:00Z,16,3
22300113,8,2023-11-01T02:00:00Z,23,20
22300114,8,2023-11-01T02:30:00Z,17,10
22300115,9,2023-11-01T23:00:00Z,21,29
22300116,9,2023-11-01T23:00:00Z,13,25
22300117,9,2023-11-01T23:30:00Z,28,1
22300118,9,2023-11-01T23:30:00Z,18,2
22300119,9,2023-11-01T23:30:00Z,15,12
22300120,9,2023-11-01T23:30:00Z,3,16
22300121,9,2023-11-01T23:30:00Z,4,24
22300122,9,2023-11-02T00:00:00Z,30,9
22300123,9,2023-11-02T00:00:00Z,7,14
22300124,9,2023-11-02T00:30:00Z,5,6
22300125,9,2023-11-02T01:00:00Z,27,26
22300126,9,2023-11-02T02:00:00Z,22,8
22300127,9,2023-11-02T02:00:00Z,10,11
22300128,10,2023-11-02T23:00:00Z,25,19
22300129,10,2023-11-03T00:00:00Z,29,4
22300130,10,2023-11-03T01:00:00Z,17,26
22300131,10,2023-11-03T02:00:00Z,23,20
22300001,11,2023-11-03T23:00:00Z,3,18
22300002,11,2023-11-03T23:30:00Z,16,13
22300004,11,2023-11-04T00:00:00Z,15,5
22300003,11,2023-11-04T00:00:00Z,28,12
22300005,11,2023-11-04T00:00:00Z,8,24
22300006,11,2023-11-04T02:00:00Z,6,7
22300007,11,2023-11-04T02:00:00Z,27,21
22300132,12,2023-11-04T17:00:00Z,20,19
22300133,12,2023-11-04T23:00:00Z,30,18
22300135,12,2023-11-04T23:00:00Z,1,4
22300134,12,2023-11-04T23:00:00Z,11,17
22300136,12,2023-11-05T00:00:00Z,2,15
22300137,12,2023-11-05T00:00:00Z,22,9
22300138,12,2023-11-05T00:00:00Z,26,14
22300139,12,2023-11-05T01:00:00Z,5,7
22300140,13,2023-11-05T20:00:00Z,20,29
22300141,13,2023-11-05T20:30:00Z,25,23
22300142,13,2023-11-05T23:00:00Z,8,3
22300143,13,2023-11-06T00:30:00Z,30,6
22300144,13,2023-11-06T02:00:00Z,27,21
22300145,14,2023-11-07T00:00:00Z,8,29
22300146,14,2023-11-07T00:00:00Z,23,18
22300147,14,2023-11-07T00:00:00Z,6,17
22300148,14,2023-11-07T00:00:00Z,28,19
22300149,14,2023-11-07T00:30:00Z,13,15
22300150,14,2023-11-07T00:30:00Z,11,12
22300151,14,2023-11-07T00:30:00Z,10,16
22300152,14,2023-11-07T01:00:00Z,26,5
22300153,14,2023-11-07T01:00:00Z,22,9
22300154,14,2023-11-07T01:00:00Z,2,14
22300155,14,2023-11-07T01:00:00Z,1,24
22300156,14,2023-11-07T02:00:00Z,4,7
22300157,15,2023-11-09T00:00:00Z,28,30
22300158,15,2023-11-09T00:00:00Z,26,18
22300159,15,2023-11-09T00:00:00Z,2,19
22300160,15,2023-11-09T00:30:00Z,10,15
22300161,15,2023-11-09T00:30:00Z,23,16
22300162,15,2023-11-09T01:00:00Z,20,5
22300163,15,2023-11-09T01:00:00Z,11,9
22300164,15,2023-11-09T01:00:00Z,12,27
22300165,15,2023-11-09T01:00:00Z,29,13
22300166,15,2023-11-09T01:00:00Z,4,14
22300167,15,2023-11-09T01:00:00Z,3,24
22300168,15,2023-11-09T01:30:00Z,25,6
22300169,15,2023-11-09T03:00:00Z,8,7
22300170,15,2023-11-09T03:00:00Z,21,22
22300171,16,2023-11-10T00:00:00Z,13,18
22300172,16,2023-11-10T02:30:00Z,1,17
22300008,17,2023-11-11T00:00:00Z,19,29
22300009,17,2023-11-11T00:00:00Z,30,28
22300010,17,2023-11-11T00:30:00Z,15,2
22300011,17,2023-11-11T01:00:00Z,4,9
22300012,17,2023-11-11T01:00:00Z,26,27
22300013,17,2023-11-11T01:00:00Z,14,23
22300014,17,2023-11-11T01:30:00Z,10,6
22300015,17,2023-11-11T03:00:00Z,11,20
22300016,17,2023-11-11T03:00:00Z,24,22
22300173,18,2023-11-11T23:00:00Z,13,17
22300174,18,2023-11-12T00:00:00Z,25,2
22300175,18,2023-11-12T00:30:00Z,12,1
22300176,18,2023-11-12T01:30:00Z,3,8
22300177,19,2023-11-12T17:00:00Z,30,16
22300178,19,2023-11-12T20:00:00Z,28,15
22300179,19,2023-11-12T20:30:00Z,27,10
22300180,19,2023-11-12T23:00:00Z,18,19
22300181,19,2023-11-13T00:00:00Z,29,5
22300182,19,2023-11-13T00:00:00Z,7,9
22300183,19,2023-11-13T00:00:00Z,6,4
22300184,19,2023-11-13T00:00:00Z,12,23
22300185,19,2023-11-13T01:00:00Z,24,20
22300186,19,2023-11-13T01:30:00Z,14,8
22300187,19,2023-11-13T03:00:00Z,21,11
22300188,20,2023-11-14T00:30:00Z,16,2
22300189,20,2023-11-14T00:30:00Z,28,25
22300190,20,2023-11-14T01:00:00Z,5,13
22300191,20,2023-11-14T03:00:00Z,3,22
22300017,21,2023-11-15T00:00:00Z,12,30
22300018,21,2023-11-15T00:00:00Z,1,29
22300019,21,2023-11-15T00:00:00Z,18,19
22300020,21,2023-11-15T00:30:00Z,17,15
22300021,21,2023-11-15T00:30:00Z,23,24
22300022,21,2023-11-15T01:00:00Z,6,4
22300023,21,2023-11-15T02:00:00Z,21,26
22300024,21,2023-11-15T03:00:00Z,10,7
22300025,21,2023-11-15T03:00:00Z,14,8
22300026,21,2023-11-15T03:30:00Z,27,11
22300192,22,2023-11-16T00:00:00Z,6,28
22300193,22,2023-11-16T00:30:00Z,16,1
22300194,22,2023-11-16T00:30:00Z,2,19
22300195,22,2023-11-16T00:30:00Z,13,25
22300196,22,2023-11-16T01:00:00Z,17,5
22300197,22,2023-11-16T02:00:00Z,14,20
22300198,22,2023-11-16T03:00:00Z,22,11
22300199,22,2023-11-16T03:00:00Z,3,21
22300200,23,2023-11-17T00:30:00Z,15,12
22300201,23,2023-11-17T03:00:00Z,24,8
22300027,24,2023-11-18T00:00:00Z,13,30
22300028,24,2023-11-18T00:00:00Z,16,28
22300029,24,2023-11-18T00:30:00Z,19,1
22300030,24,2023-11-18T00:30:00Z,29,3
22300032,24,2023-11-18T00:30:00Z,22,23
22300031,24,2023-11-18T00:30:00Z,2,25
22300033,24,2023-11-18T01:00:00Z,17,5
22300034,24,2023-11-18T01:00:00Z,7,4
22300036,24,2023-11-18T03:00:00Z,11,21
22300035,24,2023-11-18T03:00:00Z,20,26
22300037,24,2023-11-18T03:30:00Z,9,10
22300202,25,2023-11-18T23:00:00Z,16,30
22300203,25,2023-11-19T00:00:00Z,14,4
22300204,25,2023-11-19T01:00:00Z,12,5
22300205,25,2023-11-19T01:00:00Z,6,13
22300206,25,2023-11-19T01:00:00Z,27,23
22300207,25,2023-11-19T01:30:00Z,24,8
22300208,26,2023-11-19T20:00:00Z,19,15
22300211,26,2023-11-19T21:00:00Z,29,25
22300209,26,2023-11-19T22:00:00Z,17,18
22300210,26,2023-11-19T23:00:00Z,7,3
22300212,26,2023-11-20T00:30:00Z,22,6
22300213,26,2023-11-20T01:00:00Z,2,27
22300214,26,2023-11-20T01:00:00Z,20,26
22300215,26,2023-11-20T02:00:00Z,24,21
22300216,26,2023-11-20T02:30:00Z,9,11
22300217,27,2023-11-21T00:00:00Z,2,30
22300218,27,2023-11-21T00:00:00Z,7,29
22300219,27,2023-11-21T00:00:00Z,13,28
22300220,27,2023-11-21T01:00:00Z,12,5
22300221,27,2023-11-21T01:00:00Z,16,14
22300222,27,2023-11-21T01:00:00Z,22,4
22300223,27,2023-11-21T01:00:00Z,10,23
22300224,27,2023-11-21T03:00:00Z,9,8
22300038,28,2023-11-22T00:00:00Z,25,17
22300039,28,2023-11-22T00:30:00Z,18,1
22300040,28,2023-11-22T00:30:00Z,3,19
22300041,28,2023-11-22T02:00:00Z,21,20
22300042,28,2023-11-22T03:00:00Z,26,11
22300225,29,2023-11-23T00:00:00Z,28,30
22300226,29,2023-11-23T00:00:00Z,7,17
22300227,29,2023-11-23T00:30:00Z,15,1
22300228,29,2023-11-23T00:30:00Z,13,2
22300229,29,2023-11-23T00:30:00Z,12,3
22300230,29,2023-11-23T00:30:00Z,25,18
22300231,29,2023-11-23T01:00:00Z,27,9
22300232,29,2023-11-23T01:00:00Z,19,14
22300233,29,2023-11-23T01:00:00Z,22,4
22300234,29,2023-11-23T01:00:00Z,5,24
22300235,29,2023-11-23T01:00:00Z,10,23
22300236,29,2023-11-23T03:00:00Z,8,20
22300237,29,2023-11-23T03:00:00Z,26,21
22300238,29,2023-11-23T03:30:00Z,6,11
22300043,30,2023-11-24T19:30:00Z,2,17
22300044,30,2023-11-24T22:00:00Z,20,27
22300045,30,2023-11-25T00:30:00Z,12,16
22300046,30,2023-11-25T00:30:00Z,5,25
22300048,30,2023-11-25T01:00:00Z,7,9
22300047,30,2023-11-25T01:00:00Z,29,18
22300049,30,2023-11-25T01:00:00Z,28,13
22300050,30,2023-11-25T01:00:00Z,22,14
22300051,30,2023-11-25T03:00:00Z,23,8
22300052,30,2023-11-25T03:30:00Z,4,10
22300239,31,2023-11-25T22:00:00Z,19,24
22300240,31,2023-11-25T23:00:00Z,12,15
22300241,31,2023-11-26T00:00:00Z,1,28
22300242,31,2023-11-26T00:30:00Z,11,3
22300243,31,2023-11-26T02:30:00Z,4,26
22300244,31,2023-11-26T03:30:00Z,6,10
22300245,32,2023-11-26T20:30:00Z,21,13
22300246,32,2023-11-26T23:00:00Z,1,2
22300249,32,2023-11-26T23:00:00Z,14,27
22300247,32,2023-11-26T23:00:00Z,20,16
22300248,32,2023-11-26T23:00:00Z,30,17
22300250,32,2023-11-27T00:30:00Z,5,15
22300251,32,2023-11-27T00:30:00Z,25,3
22300252,32,2023-11-27T01:00:00Z,23,7
22300253,33,2023-11-28T00:00:00Z,28,29
22300254,33,2023-11-28T00:00:00Z,21,18
22300255,33,2023-11-28T00:00:00Z,11,19
22300256,33,2023-11-28T02:00:00Z,4,26
22300257,33,2023-11-28T03:30:00Z,7,10
22300053,34,2023-11-29T00:30:00Z,5,2
22300054,34,2023-11-29T00:30:00Z,25,15
22300055,34,2023-11-29T00:30:00Z,1,3
22300056,34,2023-11-29T00:30:00Z,13,12
22300057,34,2023-11-29T00:30:00Z,30,16
22300058,34,2023-11-29T01:00:00Z,24,14
22300059,34,2023-11-29T01:30:00Z,9,6
22300060,34,2023-11-29T03:00:00Z,8,22
22300258,35,2023-11-30T00:00:00Z,11,29
22300259,35,2023-11-30T00:00:00Z,28,17
22300260,35,2023-11-30T00:30:00Z,20,25
22300261,35,2023-11-30T01:00:00Z,26,27
22300262,35,2023-11-30T01:00:00Z,19,4
22300263,35,2023-11-30T02:00:00Z,9,7
22300264,35,2023-11-30T03:00:00Z,10,22
22300265,36,2023-12-01T00:00:00Z,21,3
22300266,36,2023-12-01T00:30:00Z,30,15
22300267,36,2023-12-01T00:30:00Z,18,12
22300268,36,2023-12-01T00:30:00Z,29,16
22300269,36,2023-12-01T01:00:00Z,13,5
22300270,36,2023-12-01T01:00:00Z,26,14
22300271,36,2023-12-01T01:00:00Z,11,24
22300272,36,2023-12-01T01:00:00Z,1,23
22300273,36,2023-12-01T03:00:00Z,10,8
22300274,37,2023-12-02T00:00:00Z,28,17
22300275,37,2023-12-02T00:30:00Z,19,2
22300277,37,2023-12-02T00:30:00Z,27,6
22300276,37,2023-12-02T00:30:00Z,16,25
22300278,37,2023-12-02T01:00:00Z,23,4
22300279,37,2023-12-02T03:00:00Z,7,20
22300280,38,2023-12-02T21:00:00Z,8,10
22300281,38,2023-12-02T22:00:00Z,14,30
22300282,38,2023-12-03T00:00:00Z,17,15
22300283,38,2023-12-03T00:00:00Z,3,29
22300285,38,2023-12-03T01:00:00Z,4,5
22300284,38,2023-12-03T01:00:00Z,18,12
22300286,38,2023-12-03T01:00:00Z,1,13
22300287,38,2023-12-03T02:00:00Z,24,6
22300288,38,2023-12-03T02:00:00Z,27,20
22300289,38,2023-12-03T02:30:00Z,21,26
22300290,38,2023-12-03T03:00:00Z,7,22
22300291,38,2023-12-03T03:30:00Z,9,11
22301202,39,2023-12-05T00:30:00Z,2,18
22301204,39,2023-12-05T03:00:00Z,4,22
22301201,40,2023-12-06T00:30:00Z,16,13
22301203,40,2023-12-06T03:00:00Z,20,11
22301205,41,2023-12-07T00:00:00Z,17,3
22301206,41,2023-12-07T00:00:00Z,27,29
22301208,41,2023-12-07T00:00:00Z,19,28
22301209,41,2023-12-07T00:30:00Z,15,1
22301210,41,2023-12-07T00:30:00Z,23,14
22301207,41,2023-12-07T00:30:00Z,12,25
22301211,41,2023-12-07T01:00:00Z,30,5
22301212,41,2023-12-07T01:00:00Z,24,9
22301213,41,2023-12-07T01:30:00Z,26,6
22301214,41,2023-12-07T03:00:00Z,21,8
22301215,41,2023-12-07T03:00:00Z,7,10
22301229,42,2023-12-07T22:00:00Z,18,13
22301230,42,2023-12-08T02:00:00Z,4,11
22301216,43,2023-12-09T00:00:00Z,25,30
22301217,43,2023-12-09T00:00:00Z,29,17
22301218,43,2023-12-09T00:00:00Z,1,19
22301227,43,2023-12-09T00:30:00Z,16,2
22301219,43,2023-12-09T00:30:00Z,28,15
22301221,43,2023-12-09T01:00:00Z,14,27
22301220,43,2023-12-09T01:00:00Z,3,12
22301222,43,2023-12-09T01:00:00Z,8,24
22301223,43,2023-12-09T01:30:00Z,5,23
22301224,43,2023-12-09T02:00:00Z,9,7
22301228,43,2023-12-09T02:00:00Z,22,20
22301226,43,2023-12-09T03:00:00Z,6,21
22301225,43,2023-12-09T03:00:00Z,10,26
22300292,44,2023-12-12T00:00:00Z,12,30
22300293,44,2023-12-12T00:00:00Z,18,29
22300294,44,2023-12-12T00:00:00Z,3,17
22300295,44,2023-12-12T00:00:00Z,28,19
22300296,44,2023-12-12T00:30:00Z,7,1
22300297,44,2023-12-12T00:30:00Z,25,16
22300298,44,2023-12-12T01:00:00Z,23,9
22300299,44,2023-12-12T01:00:00Z,6,27
22300300,44,2023-12-12T01:00:00Z,5,13
22300301,44,2023-12-12T01:00:00Z,14,4
22300302,44,2023-12-12T01:00:00Z,26,24
22300303,44,2023-12-12T03:00:00Z,15,22
22300304,44,2023-12-12T03:30:00Z,21,10
22300305,45,2023-12-13T00:30:00Z,3,2
22300306,45,2023-12-13T00:30:00Z,11,6
22300307,45,2023-12-13T01:00:00Z,7,5
22300308,45,2023-12-13T03:00:00Z,8,20
22300309,45,2023-12-13T03:30:00Z,22,10
22300310,46,2023-12-14T00:00:00Z,19,29
22300311,46,2023-12-14T00:00:00Z,4,28
22300312,46,2023-12-14T00:30:00Z,30,12
22300313,46,2023-12-14T00:30:00Z,1,25
22300314,46,2023-12-14T01:00:00Z,27,9
22300315,46,2023-12-14T01:00:00Z,18,13
22300316,46,2023-12-14T01:00:00Z,11,23
22300317,46,2023-12-14T02:00:00Z,15,20
22300318,46,2023-12-14T02:00:00Z,16,26
22300319,47,2023-12-15T00:30:00Z,3,2
22300320,47,2023-12-15T00:30:00Z,5,12
22300321,47,2023-12-15T01:30:00Z,14,6
22300322,47,2023-12-15T02:00:00Z,15,7
22300323,47,2023-12-15T03:00:00Z,26,21
22300324,47,2023-12-15T03:00:00Z,24,22
22300325,47,2023-12-15T03:30:00Z,8,10
22300326,48,2023-12-16T00:00:00Z,4,30
22300327,48,2023-12-16T00:00:00Z,29,19
22300328,48,2023-12-16T00:00:00Z,18,28
22300329,48,2023-12-16T00:30:00Z,17,2
22300331,48,2023-12-16T00:30:00Z,11,23
22300330,48,2023-12-16T00:30:00Z,1,25
22300332,48,2023-12-16T01:00:00Z,9,27
22300333,48,2023-12-16T03:00:00Z,16,20
22300334,49,2023-12-16T23:00:00Z,29,13
22300335,49,2023-12-17T00:00:00Z,19,30
22300336,49,2023-12-17T00:30:00Z,1,3
22300337,49,2023-12-17T01:00:00Z,5,12
22300338,49,2023-12-17T01:00:00Z,18,14
22300339,49,2023-12-17T01:30:00Z,15,8
22300340,49,2023-12-17T02:00:00Z,24,7
22300341,49,2023-12-17T02:00:00Z,6,21
22300342,49,2023-12-17T03:00:00Z,26,22
22300343,49,2023-12-17T03:30:00Z,16,10
22300344,50,2023-12-17T20:00:00Z,17,2
22300345,50,2023-12-17T20:30:00Z,4,23
22300346,50,2023-12-18T00:00:00Z,9,13
22300347,50,2023-12-18T01:00:00Z,28,20
22300348,50,2023-12-18T02:00:00Z,8,21
22300349,51,2023-12-19T00:00:00Z,9,3
22300350,51,2023-12-19T00:00:00Z,10,18
22300351,51,2023-12-19T00:00:00Z,5,19
22300352,51,2023-12-19T00:30:00Z,29,1
22300353,51,2023-12-19T00:30:00Z,14,12
22300354,51,2023-12-19T00:30:00Z,30,25
22300355,51,2023-12-19T01:00:00Z,27,24
22300356,51,2023-12-19T02:00:00Z,6,7
22300357,51,2023-12-19T02:00:00Z,15,26
22300358,51,2023-12-19T03:00:00Z,28,22
22300359,51,2023-12-19T03:30:00Z,16,11
22300360,52,2023-12-20T00:30:00Z,27,4
22300361,52,2023-12-20T01:00:00Z,23,13
22300362,52,2023-12-20T03:00:00Z,2,8
22300363,52,2023-12-20T03:00:00Z,20,21
22300364,53,2023-12-21T00:00:00Z,26,3
22300365,53,2023-12-21T00:00:00Z,30,18
22300366,53,2023-12-21T00:00:00Z,12,17
22300367,53,2023-12-21T00:00:00Z,14,19
22300368,53,2023-12-21T00:30:00Z,16,15
22300369,53,2023-12-21T00:30:00Z,7,25
22300370,53,2023-12-21T01:00:00Z,11,5
22300371,53,2023-12-21T01:00:00Z,1,9
22300372,53,2023-12-21T01:30:00Z,10,6
22300373,53,2023-12-21T03:00:00Z,2,22
22300374,54,2023-12-22T00:00:00Z,26,29
22300375,54,2023-12-22T00:30:00Z,4,3
22300376,54,2023-12-22T01:00:00Z,23,5
22300377,54,2023-12-22T01:00:00Z,18,27
22300378,54,2023-12-22T01:00:00Z,17,13
22300379,54,2023-12-22T01:00:00Z,10,24
22300380,54,2023-12-22T02:00:00Z,11,14
22300381,54,2023-12-22T03:00:00Z,28,21
22300382,55,2023-12-23T00:00:00Z,25,19
22300383,55,2023-12-23T00:30:00Z,7,15
22300385,55,2023-12-23T01:00:00Z,6,9
22300384,55,2023-12-23T01:00:00Z,1,12
22300386,55,2023-12-23T03:00:00Z,28,8
22300387,55,2023-12-23T03:00:00Z,20,22
22300388,56,2023-12-23T17:30:00Z,13,16
22300389,56,2023-12-23T20:30:00Z,2,10
22300390,56,2023-12-24T00:00:00Z,7,30
22300391,56,2023-12-24T00:00:00Z,17,18
22300392,56,2023-12-24T00:00:00Z,9,4
22300393,56,2023-12-24T00:30:00Z,27,1
22300394,56,2023-12-24T00:30:00Z,29,15
22300395,56,2023-12-24T00:30:00Z,26,25
22300396,56,2023-12-24T01:00:00Z,3,5
22300397,56,2023-12-24T01:00:00Z,11,24
22300398,56,2023-12-24T01:30:00Z,23,6
22300399,56,2023-12-24T01:30:00Z,21,8
22300400,56,2023-12-24T03:00:00Z,14,22
22300401,57,2023-12-25T17:00:00Z,13,16
22300402,57,2023-12-25T19:30:00Z,8,7
22300403,57,2023-12-25T22:00:00Z,2,11
22300404,57,2023-12-26T01:00:00Z,19,12
22300405,57,2023-12-26T03:30:00Z,6,20
22300406,58,2023-12-27T00:00:00Z,15,29
22300407,58,2023-12-27T00:00:00Z,17,28
22300408,58,2023-12-27T01:00:00Z,1,5
22300409,58,2023-12-27T01:00:00Z,18,9
22300410,58,2023-12-27T01:00:00Z,27,4
22300411,58,2023-12-27T01:00:00Z,14,24
22300412,58,2023-12-27T01:00:00Z,26,23
22300413,58,2023-12-27T03:00:00Z,22,21
22300414,58,2023-12-27T03:30:00Z,30,10
22300415,59,2023-12-28T00:00:00Z,19,17
22300416,59,2023-12-28T00:00:00Z,25,28
22300417,59,2023-12-28T00:30:00Z,13,15
22300418,59,2023-12-28T01:00:00Z,20,9
22300419,59,2023-12-28T01:00:00Z,16,24
22300420,59,2023-12-28T01:30:00Z,3,6
22300421,60,2023-12-29T00:30:00Z,29,2
22300422,60,2023-12-29T01:00:00Z,18,5
22300423,60,2023-12-29T01:00:00Z,6,14
22300424,60,2023-12-29T01:00:00Z,26,4
22300425,60,2023-12-29T02:00:00Z,27,7
22300426,60,2023-12-29T03:00:00Z,12,8
22300427,60,2023-12-29T03:00:00Z,23,21
22300428,60,2023-12-29T03:30:00Z,30,11
22300429,61,2023-12-30T00:00:00Z,16,17
22300430,61,2023-12-30T00:00:00Z,15,28
22300431,61,2023-12-30T00:30:00Z,22,1
22300432,61,2023-12-30T00:30:00Z,25,2
22300433,61,2023-12-30T00:30:00Z,13,3
22300434,61,2023-12-30T01:00:00Z,19,9
22300435,61,2023-12-30T02:00:00Z,24,7
22300436,61,2023-12-30T02:00:00Z,30,20
22300437,61,2023-12-30T03:00:00Z,23,21
22300438,61,2023-12-30T03:30:00Z,27,10
22300439,62,2023-12-30T22:00:00Z,12,26
22300440,62,2023-12-30T23:00:00Z,25,29
22300441,62,2023-12-31T00:00:00Z,16,18
22300442,62,2023-12-31T01:00:00Z,19,5
22300443,62,2023-12-31T01:00:00Z,11,14
22300444,62,2023-12-31T01:30:00Z,6,8
22300445,63,2023-12-31T20:00:00Z,1,28
22300446,63,2024-01-01T00:00:00Z,11,4
22300447,63,2024-01-01T00:00:00Z,15,24
22300448,63,2024-01-01T00:00:00Z,2,23
22300449,63,2024-01-01T01:00:00Z,22,27
22300450,63,2024-01-01T01:00:00Z,17,20
22300451,64,2024-01-01T20:00:00Z,14,16
22300452,64,2024-01-02T00:30:00Z,3,25
22300453,64,2024-01-02T01:00:00Z,29,9
22300454,64,2024-01-02T01:00:00Z,18,13
22300455,64,2024-01-02T02:00:00Z,30,7
22300456,64,2024-01-02T02:00:00Z,21,20
22300457,64,2024-01-02T02:00:00Z,6,26
22300458,64,2024-01-02T03:30:00Z,12,10
22300459,65,2024-01-03T00:00:00Z,5,19
22300460,65,2024-01-03T01:00:00Z,23,27
22300461,65,2024-01-03T01:00:00Z,15,4
22300462,65,2024-01-03T01:00:00Z,2,24
22300463,65,2024-01-03T03:00:00Z,17,8
22300464,65,2024-01-03T03:00:00Z,30,22
22300465,66,2024-01-04T00:00:00Z,28,3
22300466,66,2024-01-04T00:00:00Z,13,18
22300467,66,2024-01-04T00:30:00Z,24,1
22300469,66,2024-01-04T01:00:00Z,15,9
22300470,66,2024-01-04T01:00:00Z,25,27
22300471,66,2024-01-04T01:00:00Z,4,14
22300472,66,2024-01-04T01:30:00Z,21,6
22300468,66,2024-01-04T01:30:00Z,5,16
22300473,66,2024-01-04T02:00:00Z,10,20
22300474,66,2024-01-04T02:00:00Z,29,26
22300475,66,2024-01-04T03:00:00Z,12,11
22300476,66,2024-01-04T03:00:00Z,17,22
22300477,67,2024-01-05T00:30:00Z,13,23
22300478,67,2024-01-05T03:00:00Z,7,8
22300479,68,2024-01-06T00:00:00Z,26,2
22300480,68,2024-01-06T00:00:00Z,1,18
22300481,68,2024-01-06T00:30:00Z,24,15
22300482,68,2024-01-06T00:30:00Z,28,3
22300483,68,2024-01-06T00:30:00Z,16,19
22300484,68,2024-01-06T01:00:00Z,30,5
22300485,68,2024-01-06T01:00:00Z,14,9
22300486,68,2024-01-06T01:00:00Z,10,4
22300487,68,2024-01-06T01:30:00Z,21,6
22300488,68,2024-01-06T02:00:00Z,17,7
22300489,68,2024-01-06T02:00:00Z,12,20
22300490,68,2024-01-06T03:00:00Z,29,8
22300491,68,2024-01-06T03:00:00Z,27,11
22300492,68,2024-01-06T03:00:00Z,25,22
22300493,69,2024-01-07T00:00:00Z,2,18
22300494,69,2024-01-07T00:00:00Z,16,28
22300495,69,2024-01-07T00:30:00Z,26,19
22300496,69,2024-01-07T01:00:00Z,13,9
22300497,70,2024-01-07T18:00:00Z,23,3
22300498,70,2024-01-07T20:00:00Z,21,15
22300499,70,2024-01-07T23:00:00Z,1,17
22300500,70,2024-01-07T23:00:00Z,4,22
22300501,70,2024-01-08T00:30:00Z,14,6
22300502,70,2024-01-08T01:00:00Z,29,7
22300503,70,2024-01-08T01:00:00Z,27,20
22300504,70,2024-01-08T01:30:00Z,25,8
22300505,70,2024-01-08T02:30:00Z,10,11
22300506,71,2024-01-09T00:00:00Z,5,30
22300507,71,2024-01-09T00:00:00Z,2,18
22300508,71,2024-01-09T00:00:00Z,24,28
22300509,71,2024-01-09T00:30:00Z,9,12
22300510,71,2024-01-09T01:00:00Z,26,13
22300511,71,2024-01-09T03:30:00Z,20,10
22300512,72,2024-01-10T00:00:00Z,22,29
22300513,72,2024-01-10T00:00:00Z,14,17
22300514,72,2024-01-10T00:30:00Z,21,16
22300515,72,2024-01-10T01:30:00Z,27,6
22300516,72,2024-01-10T03:30:00Z,25,11
22300517,73,2024-01-11T00:00:00Z,14,2
22300518,73,2024-01-11T00:00:00Z,22,30
22300519,73,2024-01-11T00:00:00Z,23,29
22300520,73,2024-01-11T00:00:00Z,28,18
22300521,73,2024-01-11T00:30:00Z,19,1
22300522,73,2024-01-11T00:30:00Z,24,12
22300523,73,2024-01-11T01:00:00Z,9,5
22300525,73,2024-01-11T01:30:00Z,4,8
22300524,73,2024-01-11T03:00:00Z,7,26
22300526,73,2024-01-11T03:30:00Z,25,10
22300527,74,2024-01-11T19:00:00Z,15,3
22300528,74,2024-01-12T00:30:00Z,2,13
22300529,74,2024-01-12T01:00:00Z,21,24
22300530,74,2024-01-12T01:30:00Z,16,6
22300531,74,2024-01-12T03:00:00Z,20,11
22300532,75,2024-01-13T00:00:00Z,22,19
22300533,75,2024-01-13T00:30:00Z,18,1
22300534,75,2024-01-13T00:30:00Z,9,29
22300536,75,2024-01-13T01:00:00Z,8,5
22300537,75,2024-01-13T01:00:00Z,10,27
22300535,75,2024-01-13T01:00:00Z,17,12
22300538,75,2024-01-13T01:00:00Z,21,14
22300539,75,2024-01-13T02:00:00Z,4,7
22300540,75,2024-01-13T02:30:00Z,25,26
22300541,75,2024-01-13T03:00:00Z,30,23
22300542,76,2024-01-14T00:00:00Z,9,2
22300543,76,2024-01-14T00:30:00Z,28,1
22300544,76,2024-01-14T01:00:00Z,16,27
22300545,76,2024-01-14T01:00:00Z,8,13
22300546,76,2024-01-14T01:00:00Z,17,24
22300547,76,2024-01-14T01:30:00Z,4,6
22300548,76,2024-01-14T01:30:00Z,5,23
22300549,76,2024-01-14T02:30:00Z,11,26
22300550,77,2024-01-14T20:30:00Z,18,7
22300551,77,2024-01-14T23:00:00Z,30,12
22300552,77,2024-01-15T00:00:00Z,22,13
22300553,77,2024-01-15T00:00:00Z,10,14
22300554,77,2024-01-15T02:00:00Z,20,21
22300555,78,2024-01-15T18:00:00Z,9,19
22300556,78,2024-01-15T19:30:00Z,4,6
22300557,78,2024-01-15T20:00:00Z,17,16
22300558,78,2024-01-15T20:00:00Z,29,28
22300559,78,2024-01-15T20:30:00Z,23,1
22300560,78,2024-01-15T23:00:00Z,8,27
22300561,78,2024-01-16T00:00:00Z,5,3
22300562,78,2024-01-16T00:30:00Z,12,15
22300563,78,2024-01-16T00:30:00Z,2,25
22300564,78,2024-01-16T02:00:00Z,18,26
22300565,78,2024-01-16T03:30:00Z,24,11
22300566,79,2024-01-17T00:30:00Z,7,19
22300567,79,2024-01-17T02:00:00Z,22,20
22300568,79,2024-01-17T03:00:00Z,24,10
22300569,80,2024-01-18T00:00:00Z,14,29
22300570,80,2024-01-18T00:30:00Z,17,1
22300571,80,2024-01-18T00:30:00Z,23,2
22300572,80,2024-01-18T00:30:00Z,13,3
22300573,80,2024-01-18T00:30:00Z,9,16
22300574,80,2024-01-18T00:30:00Z,12,25
22300575,80,2024-01-18T01:00:00Z,30,4
22300577,80,2024-01-18T01:30:00Z,6,11
22300576,80,2024-01-18T02:00:00Z,8,26
22300578,80,2024-01-18T03:00:00Z,15,21
22300579,81,2024-01-19T00:30:00Z,28,16
22300580,81,2024-01-19T00:30:00Z,5,25
22300581,81,2024-01-19T02:00:00Z,24,26
22300582,81,2024-01-19T03:00:00Z,27,14
22300583,81,2024-01-19T03:00:00Z,18,22
22300584,82,2024-01-20T00:00:00Z,23,30
22300585,82,2024-01-20T00:00:00Z,19,17
22300586,82,2024-01-20T00:30:00Z,7,2
22300587,82,2024-01-20T01:00:00Z,1,12
22300588,82,2024-01-20T01:00:00Z,20,4
22300589,82,2024-01-20T03:00:00Z,6,8
22300590,82,2024-01-20T03:00:00Z,18,21
22300591,82,2024-01-20T03:30:00Z,15,11
22300592,83,2024-01-20T20:00:00Z,13,29
22300593,83,2024-01-21T00:00:00Z,19,30
22300594,83,2024-01-21T00:00:00Z,23,28
22300595,83,2024-01-21T00:30:00Z,3,1
22300596,83,2024-01-21T00:30:00Z,25,16
22300597,83,2024-01-21T01:00:00Z,27,5
22300598,83,2024-01-21T01:00:00Z,26,9
22300599,83,2024-01-21T01:00:00Z,24,14
22300600,84,2024-01-21T20:30:00Z,15,10
22300601,84,2024-01-21T23:00:00Z,12,17
22300602,84,2024-01-21T23:00:00Z,7,28
22300603,84,2024-01-22T00:00:00Z,2,9
22300604,84,2024-01-22T01:00:00Z,18,20
22300605,84,2024-01-22T03:00:00Z,21,11
22300606,85,2024-01-23T00:00:00Z,13,29
22300607,85,2024-01-23T00:00:00Z,3,17
22300608,85,2024-01-23T00:00:00Z,23,19
22300609,85,2024-01-23T00:30:00Z,27,25
22300610,85,2024-01-23T01:00:00Z,30,14
22300611,85,2024-01-23T01:30:00Z,2,6
22300612,85,2024-01-23T02:00:00Z,5,20
22300613,85,2024-01-23T03:00:00Z,1,22
22300614,86,2024-01-24T00:00:00Z,7,18
22300615,86,2024-01-24T00:30:00Z,16,15
22300616,86,2024-01-24T01:00:00Z,26,4
22300617,86,2024-01-24T01:00:00Z,21,24
22300618,86,2024-01-24T03:00:00Z,11,10
22300619,87,2024-01-25T00:00:00Z,30,29
22300620,87,2024-01-25T00:00:00Z,14,28
22300621,87,2024-01-25T00:30:00Z,27,12
22300623,87,2024-01-25T01:00:00Z,21,9
22300624,87,2024-01-25T01:00:00Z,3,13
22300622,87,2024-01-25T01:30:00Z,24,23
22300625,87,2024-01-25T02:30:00Z,20,6
22300626,87,2024-01-25T03:00:00Z,1,8
22300627,88,2024-01-26T00:00:00Z,19,18
22300628,88,2024-01-26T00:00:00Z,26,28
22300629,88,2024-01-26T00:30:00Z,14,15
22300630,88,2024-01-26T00:30:00Z,2,12
22300631,88,2024-01-26T00:30:00Z,7,16
22300632,88,2024-01-26T03:00:00Z,22,8
22300633,88,2024-01-26T03:30:00Z,5,11
22300634,89,2024-01-27T00:00:00Z,6,1
22300635,89,2024-01-27T00:00:00Z,9,30
22300636,89,2024-01-27T00:00:00Z,20,18
22300637,89,2024-01-27T00:30:00Z,10,25
22300638,89,2024-01-27T01:00:00Z,17,27
22300639,89,2024-01-27T01:00:00Z,3,13
22300640,89,2024-01-27T01:00:00Z,24,4
22300641,89,2024-01-27T02:30:00Z,21,23
22300642,90,2024-01-27T17:00:00Z,28,29
22300643,90,2024-01-27T20:00:00Z,12,16
22300644,90,2024-01-27T22:30:00Z,19,7
22300645,90,2024-01-27T23:00:00Z,9,15
22300646,90,2024-01-28T00:00:00Z,10,2
22300647,90,2024-01-28T00:00:00Z,26,30
22300648,90,2024-01-28T01:00:00Z,4,13
22300650,90,2024-01-28T01:30:00Z,11,8
22300649,90,2024-01-28T01:30:00Z,14,23
22300651,90,2024-01-28T02:00:00Z,22,6
22300652,91,2024-01-28T20:30:00Z,27,18
22300653,91,2024-01-28T23:00:00Z,25,1
22300654,91,2024-01-28T23:00:00Z,24,29
22300655,91,2024-01-28T23:00:00Z,20,17
22300656,91,2024-01-29T02:00:00Z,5,21
22300657,92,2024-01-30T00:00:00Z,16,30
22300658,92,2024-01-30T00:00:00Z,10,3
22300659,92,2024-01-30T00:30:00Z,4,2
22300660,92,2024-01-30T00:30:00Z,26,15
22300661,92,2024-01-30T00:30:00Z,20,12
22300662,92,2024-01-30T01:00:00Z,11,9
22300663,92,2024-01-30T01:00:00Z,22,27
22300664,92,2024-01-30T01:00:00Z,14,24
22300665,92,2024-01-30T01:00:00Z,28,23
22300666,92,2024-01-30T01:30:00Z,17,6
22300667,92,2024-01-30T02:00:00Z,13,7
22300668,92,2024-01-30T03:00:00Z,19,21
22300669,93,2024-01-31T00:30:00Z,11,1
22300670,93,2024-01-31T00:30:00Z,18,2
22300671,93,2024-01-31T00:30:00Z,26,16
22300672,93,2024-01-31T01:00:00Z,25,5
22300673,93,2024-01-31T03:00:00Z,19,8
22300674,94,2024-02-01T00:00:00Z,5,30
22300675,94,2024-02-01T00:00:00Z,29,3
22300676,94,2024-02-01T00:00:00Z,10,28
22300678,94,2024-02-01T00:30:00Z,22,12
22300679,94,2024-02-01T01:00:00Z,4,9
22300680,94,2024-02-01T01:00:00Z,6,14
22300682,94,2024-02-01T01:00:00Z,7,24
22300681,94,2024-02-01T01:00:00Z,17,23
22300677,94,2024-02-01T01:30:00Z,20,15
22300683,94,2024-02-01T03:00:00Z,13,21
22300684,95,2024-02-02T00:30:00Z,11,2
22300685,95,2024-02-02T00:30:00Z,18,16
22300686,95,2024-02-02T02:00:00Z,19,26
22300687,95,2024-02-02T03:00:00Z,3,27
22300688,96,2024-02-03T00:00:00Z,10,29
22300689,96,2024-02-03T00:00:00Z,12,28
22300690,96,2024-02-03T00:30:00Z,20,1
22300691,96,2024-02-03T00:30:00Z,22,18
22300692,96,2024-02-03T01:00:00Z,25,9
22300693,96,2024-02-03T01:00:00Z,8,27
22300694,96,2024-02-03T01:00:00Z,17,14
22300695,96,2024-02-03T01:00:00Z,30,24
22300696,96,2024-02-03T01:00:00Z,4,23
22300697,96,2024-02-03T02:00:00Z,21,7
22300698,97,2024-02-03T23:00:00Z,15,19
22300699,97,2024-02-04T00:30:00Z,8,1
22300700,97,2024-02-04T01:00:00Z,22,5
22300702,97,2024-02-04T01:30:00Z,13,6
22300701,97,2024-02-04T01:30:00Z,11,16
22300703,97,2024-02-04T01:30:00Z,3,23
22300704,98,2024-02-04T20:00:00Z,17,29
22300705,98,2024-02-04T20:30:00Z,20,28
22300706,98,2024-02-04T23:00:00Z,27,2
22300707,98,2024-02-04T23:00:00Z,18,30
22300708,98,2024-02-04T23:00:00Z,10,12
22300709,98,2024-02-05T00:00:00Z,9,14
22300710,98,2024-02-05T00:00:00Z,25,24
22300711,98,2024-02-05T01:00:00Z,13,26
22300712,98,2024-02-05T01:30:00Z,21,7
22300713,99,2024-02-06T00:00:00Z,11,30
22300714,99,2024-02-06T00:00:00Z,22,3
22300715,99,2024-02-06T00:00:00Z,6,19
22300716,99,2024-02-06T00:30:00Z,10,1
22300717,99,2024-02-06T00:30:00Z,8,15
22300718,99,2024-02-06T01:00:00Z,25,4
22300719,100,2024-02-07T00:00:00Z,9,18
22300720,100,2024-02-07T00:30:00Z,6,15
22300721,100,2024-02-07T00:30:00Z,17,12
22300722,100,2024-02-07T00:30:00Z,27,16
22300723,100,2024-02-07T01:00:00Z,14,5
22300724,100,2024-02-07T02:00:00Z,24,26
22300725,100,2024-02-07T03:00:00Z,13,20
22300726,101,2024-02-08T00:00:00Z,25,30
22300727,101,2024-02-08T00:00:00Z,8,19
22300728,101,2024-02-08T00:00:00Z,3,28
22300729,101,2024-02-08T00:30:00Z,1,2
22300730,101,2024-02-08T00:30:00Z,23,12
22300731,101,2024-02-08T03:00:00Z,4,10
22300732,101,2024-02-08T03:00:00Z,29,22
22300733,102,2024-02-09T00:00:00Z,8,18
22300734,102,2024-02-09T00:00:00Z,23,17
22300735,102,2024-02-09T00:30:00Z,3,15
22300736,102,2024-02-09T00:30:00Z,6,16
22300737,102,2024-02-09T01:00:00Z,5,27
22300738,102,2024-02-09T01:00:00Z,14,13
22300739,102,2024-02-09T02:00:00Z,26,20
22300740,102,2024-02-09T03:00:00Z,7,11
22300741,102,2024-02-09T03:00:00Z,29,21
22300742,103,2024-02-10T00:00:00Z,1,19
22300743,103,2024-02-10T00:30:00Z,28,2
22300744,103,2024-02-10T00:30:00Z,9,25
22300745,103,2024-02-10T01:00:00Z,30,13
22300746,103,2024-02-10T03:00:00Z,7,22
22300747,103,2024-02-10T03:30:00Z,4,11
22300748,104,2024-02-10T20:00:00Z,24,6
22300749,104,2024-02-10T20:30:00Z,29,10
22300750,104,2024-02-10T23:00:00Z,23,15
22300751,104,2024-02-11T00:00:00Z,27,30
22300752,104,2024-02-11T00:00:00Z,5,17
22300753,104,2024-02-11T00:00:00Z,19,28
22300754,104,2024-02-11T00:30:00Z,9,1
22300755,104,2024-02-11T00:30:00Z,18,16
22300756,104,2024-02-11T00:30:00Z,3,25
22300757,104,2024-02-11T01:30:00Z,20,8
22300758,104,2024-02-11T03:00:00Z,4,21
22300759,105,2024-02-11T19:00:00Z,2,12
22300760,105,2024-02-11T20:00:00Z,22,24
22300761,106,2024-02-13T00:00:00Z,18,30
22300762,106,2024-02-13T00:00:00Z,19,3
22300763,106,2024-02-13T00:30:00Z,5,1
22300764,106,2024-02-13T00:30:00Z,23,25
22300765,106,2024-02-13T01:00:00Z,16,9
22300766,106,2024-02-13T01:00:00Z,4,27
22300767,106,2024-02-13T01:00:00Z,7,13
22300768,106,2024-02-13T01:30:00Z,28,6
22300769,106,2024-02-13T02:00:00Z,8,26
22300770,106,2024-02-13T03:30:00Z,14,10
22300771,107,2024-02-14T00:30:00Z,2,15
22300772,107,2024-02-14T00:30:00Z,24,17
22300773,107,2024-02-14T01:00:00Z,12,13
22300774,107,2024-02-14T03:00:00Z,22,20
22300775,107,2024-02-14T03:00:00Z,14,21
22300776,107,2024-02-14T03:30:00Z,29,11
22300777,108,2024-02-15T00:00:00Z,1,30
22300778,108,2024-02-15T00:00:00Z,16,17
22300779,108,2024-02-15T00:00:00Z,12,19
22300780,108,2024-02-15T00:30:00Z,15,2
22300781,108,2024-02-15T00:30:00Z,5,3
22300782,108,2024-02-15T00:30:00Z,18,25
22300783,108,2024-02-15T01:00:00Z,9,27
22300784,108,2024-02-15T01:00:00Z,28,4
22300785,108,2024-02-15T01:30:00Z,23,6
22300786,108,2024-02-15T02:00:00Z,22,7
22300787,108,2024-02-15T02:00:00Z,29,20
22300788,108,2024-02-15T02:00:00Z,11,26
22300789,108,2024-02-15T03:00:00Z,10,8
22300790,109,2024-02-16T01:30:00Z,13,27
22300791,109,2024-02-16T03:00:00Z,14,21
22300792,110,2024-02-23T00:00:00Z,17,3
22300793,110,2024-02-23T00:00:00Z,29,18
22300794,110,2024-02-23T00:00:00Z,16,19
22300795,110,2024-02-23T00:00:00Z,15,25
22300796,110,2024-02-23T00:30:00Z,20,6
22300797,110,2024-02-23T01:00:00Z,2,5
22300798,110,2024-02-23T01:00:00Z,9,4
22300799,110,2024-02-23T01:00:00Z,10,24
22300800,110,2024-02-23T02:00:00Z,28,7
22300801,110,2024-02-23T02:00:00Z,30,26
22300802,110,2024-02-23T03:00:00Z,11,8
22300803,110,2024-02-23T03:00:00Z,23,22
22300804,111,2024-02-24T00:30:00Z,25,1
22300805,111,2024-02-24T00:30:00Z,3,19
22300806,111,2024-02-24T01:00:00Z,20,9
22300807,111,2024-02-24T01:00:00Z,10,27
22300808,111,2024-02-24T01:00:00Z,13,14
22300809,111,2024-02-24T01:00:00Z,28,24
22300811,111,2024-02-24T03:00:00Z,30,8
22300810,111,2024-02-24T03:00:00Z,12,4
22300812,111,2024-02-24T03:00:00Z,7,21
22300813,111,2024-02-24T03:30:00Z,23,11
22300814,112,2024-02-25T01:00:00Z,17,29
22300815,112,2024-02-25T01:00:00Z,15,14
22300816,112,2024-02-25T01:30:00Z,2,16
22300817,113,2024-02-25T18:00:00Z,13,19
22300818,113,2024-02-25T20:30:00Z,11,20
22300819,113,2024-02-25T22:00:00Z,6,18
22300820,113,2024-02-25T23:00:00Z,3,28
22300821,113,2024-02-26T00:00:00Z,17,1
22300824,113,2024-02-26T00:00:00Z,7,8
22300822,113,2024-02-26T00:00:00Z,24,9
22300823,113,2024-02-26T00:00:00Z,5,4
22300825,113,2024-02-26T01:00:00Z,23,26
22300826,113,2024-02-26T02:00:00Z,30,21
22300827,113,2024-02-26T02:30:00Z,22,10
22300829,114,2024-02-27T00:00:00Z,25,18
22300828,114,2024-02-27T00:30:00Z,29,16
22300830,114,2024-02-27T01:00:00Z,15,27
22300831,114,2024-02-27T03:00:00Z,12,22
22300832,115,2024-02-28T00:00:00Z,6,3
22300833,115,2024-02-28T00:00:00Z,15,17
22300834,115,2024-02-28T00:00:00Z,8,28
22300835,115,2024-02-28T00:30:00Z,26,1
22300836,115,2024-02-28T00:30:00Z,19,2
22300838,115,2024-02-28T00:30:00Z,23,14
22300837,115,2024-02-28T00:30:00Z,4,16
22300839,115,2024-02-28T01:00:00Z,29,5
22300840,115,2024-02-28T01:00:00Z,30,13
22300841,115,2024-02-28T01:00:00Z,9,24
22300842,115,2024-02-28T03:00:00Z,12,21
22300843,116,2024-02-29T00:00:00Z,4,18
22300845,116,2024-02-29T00:30:00Z,27,14
22300844,116,2024-02-29T00:30:00Z,6,25
22300846,116,2024-02-29T01:00:00Z,3,5
22300847,116,2024-02-29T02:00:00Z,22,7
22300848,116,2024-02-29T03:00:00Z,11,10
22300849,117,2024-03-01T00:00:00Z,13,30
22300850,117,2024-03-01T00:00:00Z,26,17
22300851,117,2024-03-01T00:30:00Z,1,15
22300852,117,2024-03-01T00:30:00Z,8,16
22300853,117,2024-03-01T01:30:00Z,24,23
22300854,117,2024-03-01T02:00:00Z,9,20
22300855,117,2024-03-01T03:00:00Z,12,7
22300856,117,2024-03-01T03:30:00Z,28,11
22300857,118,2024-03-02T00:00:00Z,3,29
22300858,118,2024-03-02T00:00:00Z,30,19
22300859,118,2024-03-02T00:30:00Z,6,2
22300860,118,2024-03-02T00:30:00Z,8,25
22300861,118,2024-03-02T01:00:00Z,21,27
22300862,118,2024-03-02T01:00:00Z,22,14
22300863,118,2024-03-02T01:00:00Z,18,4
22300864,118,2024-03-02T03:00:00Z,13,5
22300865,118,2024-03-02T03:30:00Z,28,10
22300866,119,2024-03-02T20:00:00Z,1,15
22300867,119,2024-03-02T22:00:00Z,26,12
22300868,119,2024-03-03T01:00:00Z,21,27
22300869,119,2024-03-03T01:30:00Z,7,11
22300870,119,2024-03-03T02:00:00Z,9,20
22300871,120,2024-03-03T18:00:00Z,19,6
22300872,120,2024-03-03T20:30:00Z,8,2
22300873,120,2024-03-03T20:30:00Z,10,14
22300874,120,2024-03-03T23:00:00Z,29,17
22300875,120,2024-03-03T23:00:00Z,30,25
22300876,120,2024-03-04T00:00:00Z,16,3
22300877,120,2024-03-04T00:00:00Z,18,23
22300878,120,2024-03-04T02:30:00Z,24,20
22300879,121,2024-03-05T00:30:00Z,27,15
22300880,121,2024-03-05T01:00:00Z,10,13
22300881,121,2024-03-05T01:00:00Z,21,14
22300882,121,2024-03-05T02:00:00Z,28,26
22300883,121,2024-03-05T03:00:00Z,5,22
22300884,121,2024-03-05T03:30:00Z,24,11
22300885,122,2024-03-06T00:00:00Z,17,30
22300886,122,2024-03-06T00:00:00Z,2,3
22300887,122,2024-03-06T00:30:00Z,19,15
22300888,122,2024-03-06T00:30:00Z,29,12
22300889,122,2024-03-06T00:30:00Z,1,16
22300890,122,2024-03-06T00:30:00Z,4,25
22300891,122,2024-03-06T01:00:00Z,23,9
22300892,122,2024-03-06T01:30:00Z,18,6
22300893,122,2024-03-06T03:00:00Z,20,7
22300894,123,2024-03-07T00:00:00Z,17,28
22300895,123,2024-03-07T00:30:00Z,3,1
22300896,123,2024-03-07T00:30:00Z,27,19
22300897,123,2024-03-07T01:00:00Z,10,9
22300898,123,2024-03-07T02:00:00Z,5,26
22300899,123,2024-03-07T03:00:00Z,13,8
22300900,123,2024-03-07T03:00:00Z,24,21
22300901,123,2024-03-07T03:30:00Z,22,11
22300902,124,2024-03-08T00:00:00Z,15,29
22300903,124,2024-03-08T00:00:00Z,14,18
22300904,124,2024-03-08T00:30:00Z,12,6
22300905,124,2024-03-08T02:00:00Z,25,20
22300906,124,2024-03-08T03:00:00Z,2,7
22300907,124,2024-03-08T03:00:00Z,5,8
22300908,124,2024-03-08T03:00:00Z,23,22
22300909,125,2024-03-09T00:00:00Z,4,19
22300910,125,2024-03-09T00:00:00Z,30,28
22300911,125,2024-03-09T00:30:00Z,14,3
22300913,125,2024-03-09T00:30:00Z,1,27
22300912,125,2024-03-09T00:30:00Z,17,16
22300914,125,2024-03-09T01:00:00Z,12,24
22300915,125,2024-03-09T03:00:00Z,13,11
22300916,125,2024-03-09T03:00:00Z,9,21
22300917,126,2024-03-09T21:00:00Z,5,10
22300918,126,2024-03-10T00:00:00Z,15,30
22300919,126,2024-03-10T00:00:00Z,6,29
22300921,126,2024-03-10T01:30:00Z,23,8
22300920,126,2024-03-10T01:30:00Z,2,20
22300922,126,2024-03-10T03:00:00Z,26,7
22300923,126,2024-03-10T03:00:00Z,25,21
22300924,127,2024-03-10T19:00:00Z,13,10
22300925,127,2024-03-10T22:00:00Z,4,1
22300926,127,2024-03-10T22:00:00Z,28,12
22300927,127,2024-03-10T22:00:00Z,19,16
22300928,127,2024-03-10T22:00:00Z,18,17
22300929,127,2024-03-10T22:00:00Z,9,22
22300930,127,2024-03-10T23:00:00Z,15,3
22300931,127,2024-03-10T23:00:00Z,27,24
22300932,127,2024-03-11T01:30:00Z,14,11
22300933,128,2024-03-11T23:00:00Z,30,29
22300934,128,2024-03-11T23:30:00Z,20,3
22300935,128,2024-03-12T00:00:00Z,6,5
22300936,128,2024-03-12T00:00:00Z,8,23
22300937,128,2024-03-12T01:00:00Z,25,7
22300938,128,2024-03-12T02:30:00Z,2,21
22300939,129,2024-03-12T23:30:00Z,19,16
22300940,129,2024-03-13T00:00:00Z,28,27
22300941,129,2024-03-13T00:00:00Z,18,24
22300942,129,2024-03-13T00:30:00Z,9,23
22300943,129,2024-03-13T01:00:00Z,2,26
22300944,129,2024-03-13T02:00:00Z,14,10
22300945,129,2024-03-13T02:00:00Z,13,22
22300946,130,2024-03-13T23:00:00Z,25,29
22300947,130,2024-03-13T23:00:00Z,15,17
22300948,130,2024-03-13T23:30:00Z,5,18
22300949,130,2024-03-13T23:30:00Z,7,12
22300950,130,2024-03-14T00:00:00Z,30,27
22300951,130,2024-03-14T00:00:00Z,3,4
22300952,130,2024-03-14T00:30:00Z,8,6
22300953,130,2024-03-14T02:00:00Z,1,21
22300954,130,2024-03-14T02:00:00Z,11,22
22300955,131,2024-03-14T23:30:00Z,20,2
22300956,131,2024-03-15T00:00:00Z,10,5
22300957,131,2024-03-15T00:00:00Z,28,9
22300958,131,2024-03-15T00:00:00Z,19,13
22300959,131,2024-03-15T02:00:00Z,6,24
22300960,131,2024-03-15T02:00:00Z,16,21
22300961,132,2024-03-15T23:00:00Z,20,30
22300962,132,2024-03-15T23:00:00Z,12,29
22300963,132,2024-03-15T23:30:00Z,17,25
22300964,132,2024-03-16T00:00:00Z,10,4
22300965,132,2024-03-16T00:30:00Z,7,23
22300966,132,2024-03-16T01:30:00Z,1,26
22300967,133,2024-03-16T21:00:00Z,3,9
22300968,133,2024-03-16T23:00:00Z,15,18
22300970,133,2024-03-16T23:00:00Z,21,4
22300969,133,2024-03-16T23:00:00Z,30,19
22300971,133,2024-03-17T00:00:00Z,28,5
22300972,133,2024-03-17T00:00:00Z,24,27
22300973,133,2024-03-17T00:30:00Z,8,11
22300974,133,2024-03-17T01:30:00Z,14,26
22300975,133,2024-03-17T02:00:00Z,16,22
22300976,134,2024-03-17T17:00:00Z,20,13
22300977,134,2024-03-17T19:00:00Z,12,29
22300978,134,2024-03-17T19:30:00Z,7,6
22300979,134,2024-03-17T22:00:00Z,25,17
22300980,134,2024-03-17T22:00:00Z,2,28
22300981,134,2024-03-17T23:00:00Z,15,23
22300982,134,2024-03-18T01:30:00Z,1,10
22300983,135,2024-03-18T23:00:00Z,3,18
22300984,135,2024-03-18T23:30:00Z,29,2
22300985,135,2024-03-18T23:30:00Z,12,19
22300986,135,2024-03-19T00:00:00Z,21,5
22300987,135,2024-03-19T01:00:00Z,14,26
22300988,135,2024-03-19T02:00:00Z,16,8
22300989,135,2024-03-19T02:00:00Z,27,22
22300990,135,2024-03-19T02:30:00Z,1,11
22300991,136,2024-03-19T23:00:00Z,30,17
22300992,136,2024-03-19T23:00:00Z,9,28
22300993,136,2024-03-19T23:30:00Z,4,15
22300994,136,2024-03-20T00:00:00Z,6,23
22300995,136,2024-03-20T01:00:00Z,7,14
22300996,137,2024-03-20T23:00:00Z,12,3
22300997,137,2024-03-20T23:00:00Z,18,29
22300998,137,2024-03-20T23:30:00Z,13,2
22300999,137,2024-03-20T23:30:00Z,22,25
22301000,137,2024-03-21T00:00:00Z,26,24
22301001,137,2024-03-21T02:00:00Z,27,8
22301002,137,2024-03-21T02:00:00Z,19,20
22301003,137,2024-03-21T02:00:00Z,10,21
22301004,138,2024-03-21T23:00:00Z,4,17
22301005,138,2024-03-21T23:00:00Z,22,28
22301006,138,2024-03-22T00:00:00Z,5,9
22301007,138,2024-03-22T00:00:00Z,15,13
22301008,138,2024-03-22T00:30:00Z,26,6
22301009,138,2024-03-22T01:00:00Z,16,7
22301010,138,2024-03-22T02:30:00Z,1,20
22301011,139,2024-03-22T23:00:00Z,2,29
22301012,139,2024-03-22T23:00:00Z,24,25
22301013,139,2024-03-23T00:00:00Z,4,12
22301014,139,2024-03-23T00:00:00Z,3,14
22301015,139,2024-03-23T00:00:00Z,27,23
22301016,139,2024-03-23T02:00:00Z,18,8
22301017,139,2024-03-23T02:00:00Z,10,21
22301018,139,2024-03-23T02:30:00Z,19,11
22301019,140,2024-03-23T17:00:00Z,15,16
22301020,140,2024-03-23T23:00:00Z,22,17
22301021,140,2024-03-23T23:30:00Z,30,1
22301023,140,2024-03-24T00:00:00Z,2,5
22301024,140,2024-03-24T00:00:00Z,26,9
22301025,140,2024-03-24T00:00:00Z,20,23
22301022,140,2024-03-24T00:00:00Z,25,28
22301026,140,2024-03-24T02:00:00Z,7,21
22301027,141,2024-03-24T19:00:00Z,4,29
22301028,141,2024-03-24T19:30:00Z,19,10
22301029,141,2024-03-24T22:00:00Z,3,12
22301030,141,2024-03-24T23:00:00Z,24,13
22301031,141,2024-03-24T23:00:00Z,8,14
22301032,141,2024-03-25T02:00:00Z,18,11
22301033,142,2024-03-25T23:00:00Z,30,3
22301034,142,2024-03-25T23:30:00Z,2,1
22301035,142,2024-03-25T23:30:00Z,29,16
22301036,142,2024-03-25T23:30:00Z,15,25
22301037,142,2024-03-26T00:00:00Z,28,5
22301038,142,2024-03-26T00:00:00Z,21,9
22301039,142,2024-03-26T00:00:00Z,20,23
22301040,142,2024-03-26T01:00:00Z,27,7
22301041,142,2024-03-26T01:00:00Z,6,26
22301042,142,2024-03-26T02:00:00Z,19,22
22301043,142,2024-03-26T02:30:00Z,18,10
22301044,143,2024-03-26T23:30:00Z,8,12
22301045,143,2024-03-26T23:30:00Z,11,13
22301046,143,2024-03-27T00:00:00Z,24,4
22301047,143,2024-03-27T02:00:00Z,6,22
22301048,144,2024-03-27T23:00:00Z,3,30
22301049,144,2024-03-27T23:00:00Z,8,17
22301050,144,2024-03-27T23:00:00Z,15,28
22301051,144,2024-03-27T23:30:00Z,21,1
22301052,144,2024-03-27T23:30:00Z,10,19
22301053,144,2024-03-27T23:30:00Z,16,25
22301054,144,2024-03-28T00:00:00Z,18,5
22301055,144,2024-03-28T00:00:00Z,11,27
22301056,144,2024-03-28T00:00:00Z,29,14
22301057,144,2024-03-28T00:00:00Z,9,24
22301058,144,2024-03-28T01:00:00Z,23,26
22301059,144,2024-03-28T02:00:00Z,20,7
22301060,145,2024-03-28T23:30:00Z,2,1
22301061,145,2024-03-29T00:00:00Z,13,4
22301062,146,2024-03-29T23:00:00Z,8,30
22301063,146,2024-03-29T23:00:00Z,11,18
22301064,146,2024-03-29T23:00:00Z,10,17
22301065,146,2024-03-29T23:00:00Z,29,28
22301066,146,2024-03-29T23:30:00Z,5,15
22301067,146,2024-03-29T23:30:00Z,19,3
22301068,146,2024-03-30T00:00:00Z,21,12
22301069,146,2024-03-30T00:00:00Z,20,24
22301070,146,2024-03-30T00:00:00Z,16,23
22301071,146,2024-03-30T01:00:00Z,14,7
22301072,146,2024-03-30T01:30:00Z,9,26
22301073,146,2024-03-30T02:00:00Z,6,22
22301074,147,2024-03-30T21:00:00Z,2,4
22301075,147,2024-03-30T23:00:00Z,27,17
22301076,147,2024-03-30T23:30:00Z,13,1
22301077,148,2024-03-31T19:30:00Z,3,7
22301078,148,2024-03-31T22:00:00Z,11,15
22301079,148,2024-03-31T22:00:00Z,10,30
22301080,148,2024-03-31T22:00:00Z,19,25
22301081,148,2024-03-31T22:00:00Z,12,28
22301083,148,2024-03-31T23:00:00Z,6,9
22301084,148,2024-03-31T23:00:00Z,5,14
22301082,148,2024-03-31T23:00:00Z,24,16
22301085,148,2024-03-31T23:00:00Z,8,23
22301086,148,2024-04-01T01:00:00Z,26,22
22301087,149,2024-04-01T23:00:00Z,2,30
22301088,149,2024-04-01T23:00:00Z,27,29
22301089,149,2024-04-01T23:00:00Z,15,18
22301090,149,2024-04-01T23:00:00Z,21,17
22301091,149,2024-04-02T00:00:00Z,1,5
22301092,149,2024-04-02T00:00:00Z,20,4
22301093,150,2024-04-02T23:00:00Z,24,19
22301094,150,2024-04-02T23:00:00Z,11,25
22301095,150,2024-04-02T23:00:00Z,13,28
22301097,150,2024-04-02T23:30:00Z,8,6
22301096,150,2024-04-02T23:30:00Z,16,12
22301098,150,2024-04-03T00:00:00Z,9,14
22301099,150,2024-04-03T01:00:00Z,23,7
22301100,150,2024-04-03T01:00:00Z,3,26
22301101,150,2024-04-03T02:00:00Z,10,22
22301102,151,2024-04-03T23:00:00Z,21,30
22301103,151,2024-04-03T23:00:00Z,11,28
22301104,151,2024-04-03T23:30:00Z,29,1
22301105,151,2024-04-03T23:30:00Z,24,2
22301106,151,2024-04-03T23:30:00Z,18,15
22301107,151,2024-04-03T23:30:00Z,27,13
22301108,151,2024-04-04T00:00:00Z,25,14
22301109,151,2024-04-04T00:00:00Z,17,4
22301110,151,2024-04-04T02:00:00Z,3,20
22301111,152,2024-04-04T23:30:00Z,19,12
22301112,152,2024-04-04T23:30:00Z,22,16
22301113,152,2024-04-05T00:00:00Z,8,9
22301114,152,2024-04-05T02:00:00Z,7,10
22301115,153,2024-04-05T23:00:00Z,17,30
22301116,153,2024-04-05T23:00:00Z,24,18
22301117,153,2024-04-05T23:00:00Z,21,28
22301118,153,2024-04-05T23:30:00Z,22,2
22301119,153,2024-04-06T00:00:00Z,16,5
22301120,153,2024-04-06T00:00:00Z,12,9
22301121,153,2024-04-06T00:00:00Z,29,27
22301122,153,2024-04-06T00:00:00Z,25,13
22301123,153,2024-04-06T00:00:00Z,23,4
22301124,153,2024-04-06T00:30:00Z,1,6
22301125,153,2024-04-06T02:00:00Z,14,20
22301126,153,2024-04-06T02:30:00Z,26,10
22301127,154,2024-04-06T19:30:00Z,3,11
22301128,154,2024-04-06T23:00:00Z,29,15
22301129,154,2024-04-07T00:00:00Z,19,27
22301130,154,2024-04-07T01:00:00Z,1,7
22301131,155,2024-04-07T19:30:00Z,9,6
22301132,155,2024-04-07T19:30:00Z,3,10
22301133,155,2024-04-07T21:00:00Z,12,18
22301134,155,2024-04-07T22:00:00Z,21,2
22301135,155,2024-04-07T22:00:00Z,24,30
22301136,155,2024-04-07T22:00:00Z,5,17
22301138,155,2024-04-07T22:00:00Z,4,20
22301137,155,2024-04-07T22:00:00Z,28,25
22301139,155,2024-04-07T23:00:00Z,16,13
22301140,155,2024-04-07T23:00:00Z,19,23
22301141,155,2024-04-07T23:30:00Z,22,15
22301142,155,2024-04-08T00:30:00Z,26,8
22301143,155,2024-04-08T02:00:00Z,14,11
22301144,156,2024-04-09T23:00:00Z,6,30
22301145,156,2024-04-09T23:00:00Z,29,19
22301146,156,2024-04-09T23:00:00Z,18,25
22301147,156,2024-04-09T23:30:00Z,12,1
22301148,156,2024-04-09T23:30:00Z,2,13
22301149,156,2024-04-10T00:00:00Z,16,5
22301150,156,2024-04-10T00:00:00Z,17,9
22301151,156,2024-04-10T00:00:00Z,23,27
22301152,156,2024-04-10T00:00:00Z,28,14
22301153,156,2024-04-10T00:00:00Z,22,24
22301154,156,2024-04-10T01:00:00Z,7,26
22301155,156,2024-04-10T02:00:00Z,8,11
22301156,156,2024-04-10T02:00:00Z,10,20
22301157,156,2024-04-10T02:00:00Z,4,21
22301158,157,2024-04-10T23:00:00Z,27,3
22301159,157,2024-04-10T23:30:00Z,30,1
22301160,157,2024-04-10T23:30:00Z,25,15
22301161,157,2024-04-10T23:30:00Z,6,12
22301162,157,2024-04-11T00:00:00Z,17,13
22301163,157,2024-04-11T00:00:00Z,23,24
22301164,157,2024-04-11T02:00:00Z,14,7
22301165,157,2024-04-11T02:30:00Z,20,10
22301166,158,2024-04-11T23:00:00Z,5,29
22301167,158,2024-04-11T23:30:00Z,16,2
22301168,158,2024-04-12T01:00:00Z,9,26
22301169,158,2024-04-12T02:00:00Z,8,21
22301170,158,2024-04-12T02:00:00Z,4,22
22301171,159,2024-04-12T23:00:00Z,17,19
22301172,159,2024-04-12T23:00:00Z,5,28
22301173,159,2024-04-12T23:30:00Z,30,2
22301174,159,2024-04-12T23:30:00Z,18,3
22301175,159,2024-04-12T23:30:00Z,15,16
22301177,159,2024-04-13T00:00:00Z,11,27
22301176,159,2024-04-13T00:00:00Z,25,12
22301178,159,2024-04-13T00:00:00Z,1,14
22301179,159,2024-04-13T00:00:00Z,13,24
22301180,159,2024-04-13T00:00:00Z,7,23
22301181,159,2024-04-13T00:30:00Z,29,6
22301182,159,2024-04-13T02:00:00Z,4,8
22301183,159,2024-04-13T02:00:00Z,9,21
22301184,159,2024-04-13T02:30:00Z,26,10
22301185,159,2024-04-13T02:30:00Z,20,22
22301186,160,2024-04-14T17:00:00Z,28,2
22301187,160,2024-04-14T17:00:00Z,30,3
22301188,160,2024-04-14T17:00:00Z,1,18
22301189,160,2024-04-14T17:00:00Z,25,12
22301190,160,2024-04-14T17:00:00Z,5,16
22301191,160,2024-04-14T17:00:00Z,13,17
22301192,160,2024-04-14T17:00:00Z,15,19
22301198,160,2024-04-14T19:30:00Z,26,8
22301199,160,2024-04-14T19:30:00Z,9,10
22301193,160,2024-04-14T19:30:00Z,7,27
22301194,160,2024-04-14T19:30:00Z,20,14
22301195,160,2024-04-14T19:30:00Z,11,4
22301196,160,2024-04-14T19:30:00Z,6,24
22301200,160,2024-04-14T19:30:00Z,21,22
22301197,160,2024-04-14T19:30:00Z,29,23
